loop time, gbuffer time, shadow time, direct time ,hiz time, ssr time
145651, 140692, 0, 0, 0, 0
41956, 583, 0, 0, 0, 0
10530, 875, 0, 0, 0, 0
26627, 750, 0, 0, 0, 0
30292, 616, 0, 0, 0, 0
27919, 578, 0, 0, 0, 0
25503, 547, 0, 0, 0, 0
27185, 596, 0, 0, 0, 0
27364, 583, 0, 0, 0, 0
25999, 548, 0, 0, 0, 0
27568, 610, 0, 0, 0, 0
6961, 568, 0, 0, 0, 0
1324, 524, 0, 0, 0, 0
1374, 507, 0, 0, 0, 0
1106, 512, 0, 0, 0, 0
1101, 476, 0, 0, 0, 0
1106, 614, 0, 0, 0, 0
1091, 502, 0, 0, 0, 0
1134, 527, 0, 0, 0, 0
1101, 488, 0, 0, 0, 0
1093, 484, 0, 0, 0, 0
1104, 483, 0, 0, 0, 0
1483, 486, 0, 0, 0, 0
1339, 484, 0, 0, 0, 0
1104, 481, 0, 0, 0, 0
1096, 484, 0, 0, 0, 0
1095, 480, 0, 0, 0, 0
1116, 576, 0, 0, 0, 0
1369, 564, 0, 0, 0, 0
1093, 483, 0, 0, 0, 0
1104, 480, 0, 0, 0, 0
1103, 547, 0, 0, 0, 0
1097, 486, 0, 0, 0, 0
1086, 479, 0, 0, 0, 0
1084, 482, 0, 0, 0, 0
1091, 593, 0, 0, 0, 0
1059, 520, 0, 0, 0, 0
1507, 484, 0, 0, 0, 0
1095, 484, 0, 0, 0, 0
1104, 490, 0, 0, 0, 0
1085, 515, 0, 0, 0, 0
1089, 483, 0, 0, 0, 0
1355, 484, 0, 0, 0, 0
1093, 481, 0, 0, 0, 0
1087, 484, 0, 0, 0, 0
1099, 483, 0, 0, 0, 0
1087, 487, 0, 0, 0, 0
1091, 479, 0, 0, 0, 0
1085, 485, 0, 0, 0, 0
1092, 490, 0, 0, 0, 0
1094, 485, 0, 0, 0, 0
1498, 485, 0, 0, 0, 0
1390, 553, 0, 0, 0, 0
1103, 494, 0, 0, 0, 0
1095, 485, 0, 0, 0, 0
1084, 487, 0, 0, 0, 0
1088, 618, 0, 0, 0, 0
1362, 485, 0, 0, 0, 0
1099, 487, 0, 0, 0, 0
1099, 485, 0, 0, 0, 0
1104, 492, 0, 0, 0, 0
1081, 483, 0, 0, 0, 0
1091, 487, 0, 0, 0, 0
1104, 544, 0, 0, 0, 0
1098, 483, 0, 0, 0, 0
1089, 483, 0, 0, 0, 0
1477, 514, 0, 0, 0, 0
1110, 494, 0, 0, 0, 0
1142, 554, 0, 0, 0, 0
1092, 484, 0, 0, 0, 0
1133, 579, 0, 0, 0, 0
1364, 486, 0, 0, 0, 0
1109, 486, 0, 0, 0, 0
1089, 550, 0, 0, 0, 0
1092, 487, 0, 0, 0, 0
1112, 518, 0, 0, 0, 0
1096, 486, 0, 0, 0, 0
1121, 542, 0, 0, 0, 0
1094, 483, 0, 0, 0, 0
1097, 483, 0, 0, 0, 0
1507, 487, 0, 0, 0, 0
1107, 487, 0, 0, 0, 0
1094, 482, 0, 0, 0, 0
1097, 481, 0, 0, 0, 0
1138, 522, 0, 0, 0, 0
1097, 484, 0, 0, 0, 0
1361, 480, 0, 0, 0, 0
1110, 548, 0, 0, 0, 0
1101, 484, 0, 0, 0, 0
1093, 480, 0, 0, 0, 0
1110, 480, 0, 0, 0, 0
1092, 485, 0, 0, 0, 0
1096, 483, 0, 0, 0, 0
1098, 484, 0, 0, 0, 0
1082, 484, 0, 0, 0, 0
1522, 492, 0, 0, 0, 0
1105, 486, 0, 0, 0, 0
1089, 487, 0, 0, 0, 0
1102, 485, 0, 0, 0, 0
1092, 483, 0, 0, 0, 0
1361, 482, 0, 0, 0, 0
1094, 540, 0, 0, 0, 0
1088, 487, 0, 0, 0, 0
1087, 518, 0, 0, 0, 0
1059, 488, 0, 0, 0, 0
1096, 491, 0, 0, 0, 0
1086, 488, 0, 0, 0, 0
1078, 485, 0, 0, 0, 0
1085, 488, 0, 0, 0, 0
1443, 493, 0, 0, 0, 0
1365, 534, 0, 0, 0, 0
1103, 492, 0, 0, 0, 0
1089, 495, 0, 0, 0, 0
1085, 495, 0, 0, 0, 0
1083, 495, 0, 0, 0, 0
1338, 614, 0, 0, 0, 0
1090, 492, 0, 0, 0, 0
1057, 491, 0, 0, 0, 0
1051, 486, 0, 0, 0, 0
1097, 527, 0, 0, 0, 0
1099, 493, 0, 0, 0, 0
1087, 490, 0, 0, 0, 0
1088, 487, 0, 0, 0, 0
1049, 494, 0, 0, 0, 0
1352, 489, 0, 0, 0, 0
1326, 523, 0, 0, 0, 0
1320, 496, 0, 0, 0, 0
1091, 490, 0, 0, 0, 0
1083, 490, 0, 0, 0, 0
1347, 494, 0, 0, 0, 0
1098, 487, 0, 0, 0, 0
1077, 486, 0, 0, 0, 0
1085, 488, 0, 0, 0, 0
1081, 495, 0, 0, 0, 0
1080, 489, 0, 0, 0, 0
1051, 486, 0, 0, 0, 0
1094, 493, 0, 0, 0, 0
1086, 487, 0, 0, 0, 0
1512, 486, 0, 0, 0, 0
1324, 487, 0, 0, 0, 0
1087, 491, 0, 0, 0, 0
1078, 486, 0, 0, 0, 0
1077, 484, 0, 0, 0, 0
1088, 536, 0, 0, 0, 0
1342, 497, 0, 0, 0, 0
1093, 487, 0, 0, 0, 0
1082, 489, 0, 0, 0, 0
1093, 494, 0, 0, 0, 0
1083, 485, 0, 0, 0, 0
1085, 488, 0, 0, 0, 0
1086, 490, 0, 0, 0, 0
1080, 486, 0, 0, 0, 0
1068, 485, 0, 0, 0, 0
1036, 486, 0, 0, 0, 0
1347, 601, 0, 0, 0, 0
1012, 487, 0, 0, 0, 0
1005, 488, 0, 0, 0, 0
1004, 487, 0, 0, 0, 0
1007, 492, 0, 0, 0, 0
1025, 485, 0, 0, 0, 0
1226, 487, 0, 0, 0, 0
1015, 544, 0, 0, 0, 0
1014, 486, 0, 0, 0, 0
1006, 485, 0, 0, 0, 0
1003, 485, 0, 0, 0, 0
1008, 542, 0, 0, 0, 0
998, 484, 0, 0, 0, 0
997, 487, 0, 0, 0, 0
1013, 487, 0, 0, 0, 0
999, 611, 0, 0, 0, 0
1215, 553, 0, 0, 0, 0
1211, 522, 0, 0, 0, 0
1010, 488, 0, 0, 0, 0
981, 493, 0, 0, 0, 0
969, 491, 0, 0, 0, 0
982, 488, 0, 0, 0, 0
1201, 560, 0, 0, 0, 0
989, 491, 0, 0, 0, 0
993, 489, 0, 0, 0, 0
986, 489, 0, 0, 0, 0
968, 493, 0, 0, 0, 0
986, 496, 0, 0, 0, 0
1001, 490, 0, 0, 0, 0
999, 487, 0, 0, 0, 0
990, 490, 0, 0, 0, 0
1005, 492, 0, 0, 0, 0
1220, 552, 0, 0, 0, 0
1184, 488, 0, 0, 0, 0
1012, 561, 0, 0, 0, 0
994, 492, 0, 0, 0, 0
993, 485, 0, 0, 0, 0
978, 486, 0, 0, 0, 0
1161, 486, 0, 0, 0, 0
999, 487, 0, 0, 0, 0
985, 515, 0, 0, 0, 0
989, 485, 0, 0, 0, 0
988, 523, 0, 0, 0, 0
988, 485, 0, 0, 0, 0
986, 481, 0, 0, 0, 0
991, 486, 0, 0, 0, 0
992, 526, 0, 0, 0, 0
996, 491, 0, 0, 0, 0
1028, 557, 0, 0, 0, 0
1327, 554, 0, 0, 0, 0
974, 506, 0, 0, 0, 0
993, 488, 0, 0, 0, 0
988, 486, 0, 0, 0, 0
983, 487, 0, 0, 0, 0
1204, 551, 0, 0, 0, 0
998, 531, 0, 0, 0, 0
988, 483, 0, 0, 0, 0
987, 488, 0, 0, 0, 0
975, 487, 0, 0, 0, 0
989, 485, 0, 0, 0, 0
986, 487, 0, 0, 0, 0
1005, 484, 0, 0, 0, 0
959, 488, 0, 0, 0, 0
950, 489, 0, 0, 0, 0
1186, 557, 0, 0, 0, 0
1166, 527, 0, 0, 0, 0
982, 491, 0, 0, 0, 0
986, 489, 0, 0, 0, 0
984, 488, 0, 0, 0, 0
982, 489, 0, 0, 0, 0
991, 495, 0, 0, 0, 0
1194, 483, 0, 0, 0, 0
991, 484, 0, 0, 0, 0
985, 489, 0, 0, 0, 0
980, 490, 0, 0, 0, 0
984, 522, 0, 0, 0, 0
986, 487, 0, 0, 0, 0
990, 483, 0, 0, 0, 0
990, 492, 0, 0, 0, 0
978, 494, 0, 0, 0, 0
1006, 593, 0, 0, 0, 0
1279, 487, 0, 0, 0, 0
994, 494, 0, 0, 0, 0
978, 487, 0, 0, 0, 0
982, 481, 0, 0, 0, 0
990, 570, 0, 0, 0, 0
984, 490, 0, 0, 0, 0
1183, 489, 0, 0, 0, 0
1054, 585, 0, 0, 0, 0
983, 554, 0, 0, 0, 0
987, 489, 0, 0, 0, 0
994, 486, 0, 0, 0, 0
979, 486, 0, 0, 0, 0
986, 532, 0, 0, 0, 0
979, 487, 0, 0, 0, 0
980, 487, 0, 0, 0, 0
976, 487, 0, 0, 0, 0
1145, 510, 0, 0, 0, 0
1165, 486, 0, 0, 0, 0
985, 490, 0, 0, 0, 0
978, 487, 0, 0, 0, 0
1021, 545, 0, 0, 0, 0
977, 487, 0, 0, 0, 0
1170, 577, 0, 0, 0, 0
981, 491, 0, 0, 0, 0
984, 494, 0, 0, 0, 0
977, 488, 0, 0, 0, 0
981, 486, 0, 0, 0, 0
982, 482, 0, 0, 0, 0
983, 494, 0, 0, 0, 0
987, 529, 0, 0, 0, 0
990, 486, 0, 0, 0, 0
983, 488, 0, 0, 0, 0
996, 531, 0, 0, 0, 0
1275, 483, 0, 0, 0, 0
987, 483, 0, 0, 0, 0
991, 483, 0, 0, 0, 0
951, 488, 0, 0, 0, 0
947, 482, 0, 0, 0, 0
947, 483, 0, 0, 0, 0
1115, 482, 0, 0, 0, 0
982, 565, 0, 0, 0, 0
984, 491, 0, 0, 0, 0
986, 487, 0, 0, 0, 0
983, 486, 0, 0, 0, 0
982, 494, 0, 0, 0, 0
987, 483, 0, 0, 0, 0
974, 483, 0, 0, 0, 0
984, 484, 0, 0, 0, 0
974, 489, 0, 0, 0, 0
1002, 483, 0, 0, 0, 0
1291, 488, 0, 0, 0, 0
988, 488, 0, 0, 0, 0
985, 495, 0, 0, 0, 0
983, 486, 0, 0, 0, 0
975, 483, 0, 0, 0, 0
1180, 484, 0, 0, 0, 0
980, 487, 0, 0, 0, 0
983, 494, 0, 0, 0, 0
983, 523, 0, 0, 0, 0
992, 488, 0, 0, 0, 0
980, 488, 0, 0, 0, 0
987, 482, 0, 0, 0, 0
975, 484, 0, 0, 0, 0
987, 482, 0, 0, 0, 0
978, 490, 0, 0, 0, 0
1235, 625, 0, 0, 0, 0
1155, 514, 0, 0, 0, 0
986, 549, 0, 0, 0, 0
988, 484, 0, 0, 0, 0
979, 483, 0, 0, 0, 0
973, 484, 0, 0, 0, 0
991, 531, 0, 0, 0, 0
1178, 483, 0, 0, 0, 0
980, 486, 0, 0, 0, 0
984, 484, 0, 0, 0, 0
980, 523, 0, 0, 0, 0
980, 482, 0, 0, 0, 0
997, 484, 0, 0, 0, 0
981, 483, 0, 0, 0, 0
976, 579, 0, 0, 0, 0
937, 485, 0, 0, 0, 0
973, 485, 0, 0, 0, 0
998, 486, 0, 0, 0, 0
1270, 540, 0, 0, 0, 0
996, 485, 0, 0, 0, 0
985, 484, 0, 0, 0, 0
981, 484, 0, 0, 0, 0
984, 488, 0, 0, 0, 0
1192, 483, 0, 0, 0, 0
998, 485, 0, 0, 0, 0
987, 486, 0, 0, 0, 0
998, 503, 0, 0, 0, 0
984, 484, 0, 0, 0, 0
982, 484, 0, 0, 0, 0
999, 484, 0, 0, 0, 0
973, 505, 0, 0, 0, 0
982, 484, 0, 0, 0, 0
981, 485, 0, 0, 0, 0
1263, 639, 0, 0, 0, 0
1160, 488, 0, 0, 0, 0
987, 485, 0, 0, 0, 0
980, 484, 0, 0, 0, 0
978, 485, 0, 0, 0, 0
978, 490, 0, 0, 0, 0
989, 482, 0, 0, 0, 0
1125, 485, 0, 0, 0, 0
944, 485, 0, 0, 0, 0
984, 522, 0, 0, 0, 0
975, 481, 0, 0, 0, 0
986, 484, 0, 0, 0, 0
978, 484, 0, 0, 0, 0
974, 489, 0, 0, 0, 0
989, 482, 0, 0, 0, 0
975, 483, 0, 0, 0, 0
996, 486, 0, 0, 0, 0
1269, 490, 0, 0, 0, 0
990, 483, 0, 0, 0, 0
981, 518, 0, 0, 0, 0
955, 482, 0, 0, 0, 0
976, 488, 0, 0, 0, 0
978, 485, 0, 0, 0, 0
1190, 484, 0, 0, 0, 0
995, 541, 0, 0, 0, 0
983, 484, 0, 0, 0, 0
980, 483, 0, 0, 0, 0
973, 485, 0, 0, 0, 0
971, 531, 0, 0, 0, 0
988, 483, 0, 0, 0, 0
987, 482, 0, 0, 0, 0
983, 484, 0, 0, 0, 0
979, 485, 0, 0, 0, 0
986, 604, 0, 0, 0, 0
1281, 483, 0, 0, 0, 0
981, 516, 0, 0, 0, 0
981, 562, 0, 0, 0, 0
985, 486, 0, 0, 0, 0
977, 482, 0, 0, 0, 0
987, 485, 0, 0, 0, 0
1178, 563, 0, 0, 0, 0
982, 485, 0, 0, 0, 0
1064, 607, 0, 0, 0, 0
978, 482, 0, 0, 0, 0
778, 596, 0, 0, 0, 0
974, 494, 0, 0, 0, 0
978, 626, 0, 0, 0, 0
981, 487, 0, 0, 0, 0
991, 577, 0, 0, 0, 0
1168, 593, 0, 0, 0, 0
1166, 490, 0, 0, 0, 0
1014, 486, 0, 0, 0, 0
990, 505, 0, 0, 0, 0
976, 488, 0, 0, 0, 0
978, 487, 0, 0, 0, 0
1005, 485, 0, 0, 0, 0
1250, 567, 0, 0, 0, 0
992, 484, 0, 0, 0, 0
977, 484, 0, 0, 0, 0
984, 484, 0, 0, 0, 0
988, 491, 0, 0, 0, 0
994, 484, 0, 0, 0, 0
988, 485, 0, 0, 0, 0
985, 485, 0, 0, 0, 0
989, 489, 0, 0, 0, 0
981, 482, 0, 0, 0, 0
1022, 557, 0, 0, 0, 0
1301, 519, 0, 0, 0, 0
996, 492, 0, 0, 0, 0
986, 487, 0, 0, 0, 0
15757, 484, 0, 0, 0, 0
1290, 493, 0, 0, 0, 0
997, 487, 0, 0, 0, 0
983, 484, 0, 0, 0, 0
1187, 484, 0, 0, 0, 0
985, 483, 0, 0, 0, 0
987, 486, 0, 0, 0, 0
979, 483, 0, 0, 0, 0
972, 485, 0, 0, 0, 0
972, 485, 0, 0, 0, 0
981, 485, 0, 0, 0, 0
981, 482, 0, 0, 0, 0
985, 485, 0, 0, 0, 0
979, 484, 0, 0, 0, 0
1024, 693, 0, 0, 0, 0
1277, 516, 0, 0, 0, 0
989, 483, 0, 0, 0, 0
986, 489, 0, 0, 0, 0
974, 537, 0, 0, 0, 0
973, 483, 0, 0, 0, 0
1180, 483, 0, 0, 0, 0
992, 482, 0, 0, 0, 0
1023, 556, 0, 0, 0, 0
978, 559, 0, 0, 0, 0
979, 521, 0, 0, 0, 0
975, 481, 0, 0, 0, 0
990, 573, 0, 0, 0, 0
979, 482, 0, 0, 0, 0
981, 481, 0, 0, 0, 0
976, 484, 0, 0, 0, 0
1196, 795, 0, 0, 0, 0
1161, 483, 0, 0, 0, 0
988, 482, 0, 0, 0, 0
1000, 483, 0, 0, 0, 0
977, 484, 0, 0, 0, 0
986, 510, 0, 0, 0, 0
1225, 554, 0, 0, 0, 0
997, 484, 0, 0, 0, 0
977, 489, 0, 0, 0, 0
991, 483, 0, 0, 0, 0
983, 482, 0, 0, 0, 0
991, 482, 0, 0, 0, 0
981, 489, 0, 0, 0, 0
978, 489, 0, 0, 0, 0
973, 482, 0, 0, 0, 0
978, 482, 0, 0, 0, 0
1057, 547, 0, 0, 0, 0
1289, 490, 0, 0, 0, 0
990, 492, 0, 0, 0, 0
979, 557, 0, 0, 0, 0
975, 492, 0, 0, 0, 0
983, 491, 0, 0, 0, 0
989, 492, 0, 0, 0, 0
1185, 541, 0, 0, 0, 0
981, 491, 0, 0, 0, 0
982, 490, 0, 0, 0, 0
974, 489, 0, 0, 0, 0
982, 493, 0, 0, 0, 0
1004, 497, 0, 0, 0, 0
992, 492, 0, 0, 0, 0
989, 493, 0, 0, 0, 0
978, 542, 0, 0, 0, 0
1010, 500, 0, 0, 0, 0
1275, 493, 0, 0, 0, 0
989, 493, 0, 0, 0, 0
985, 534, 0, 0, 0, 0
989, 491, 0, 0, 0, 0
975, 491, 0, 0, 0, 0
980, 492, 0, 0, 0, 0
1153, 495, 0, 0, 0, 0
988, 492, 0, 0, 0, 0
979, 493, 0, 0, 0, 0
983, 493, 0, 0, 0, 0
982, 525, 0, 0, 0, 0
984, 489, 0, 0, 0, 0
976, 493, 0, 0, 0, 0
983, 492, 0, 0, 0, 0
977, 499, 0, 0, 0, 0
979, 491, 0, 0, 0, 0
1003, 490, 0, 0, 0, 0
1298, 490, 0, 0, 0, 0
986, 510, 0, 0, 0, 0
973, 493, 0, 0, 0, 0
985, 488, 0, 0, 0, 0
982, 494, 0, 0, 0, 0
992, 500, 0, 0, 0, 0
1184, 495, 0, 0, 0, 0
982, 491, 0, 0, 0, 0
982, 493, 0, 0, 0, 0
981, 494, 0, 0, 0, 0
979, 497, 0, 0, 0, 0
991, 490, 0, 0, 0, 0
960, 490, 0, 0, 0, 0
1035, 544, 0, 0, 0, 0
981, 491, 0, 0, 0, 0
976, 491, 0, 0, 0, 0
997, 524, 0, 0, 0, 0
1291, 500, 0, 0, 0, 0
992, 488, 0, 0, 0, 0
979, 492, 0, 0, 0, 0
987, 488, 0, 0, 0, 0
979, 496, 0, 0, 0, 0
1186, 491, 0, 0, 0, 0
991, 489, 0, 0, 0, 0
983, 490, 0, 0, 0, 0
984, 496, 0, 0, 0, 0
981, 492, 0, 0, 0, 0
983, 491, 0, 0, 0, 0
987, 491, 0, 0, 0, 0
977, 496, 0, 0, 0, 0
988, 491, 0, 0, 0, 0
978, 489, 0, 0, 0, 0
1001, 494, 0, 0, 0, 0
1280, 496, 0, 0, 0, 0
933, 492, 0, 0, 0, 0
975, 492, 0, 0, 0, 0
979, 494, 0, 0, 0, 0
978, 492, 0, 0, 0, 0
1007, 493, 0, 0, 0, 0
1177, 493, 0, 0, 0, 0
983, 495, 0, 0, 0, 0
987, 495, 0, 0, 0, 0
983, 493, 0, 0, 0, 0
1013, 536, 0, 0, 0, 0
985, 496, 0, 0, 0, 0
978, 491, 0, 0, 0, 0
985, 491, 0, 0, 0, 0
951, 491, 0, 0, 0, 0
1013, 494, 0, 0, 0, 0
1286, 491, 0, 0, 0, 0
985, 493, 0, 0, 0, 0
980, 491, 0, 0, 0, 0
978, 496, 0, 0, 0, 0
981, 491, 0, 0, 0, 0
993, 496, 0, 0, 0, 0
1177, 493, 0, 0, 0, 0
1027, 588, 0, 0, 0, 0
974, 493, 0, 0, 0, 0
985, 493, 0, 0, 0, 0
986, 493, 0, 0, 0, 0
1023, 581, 0, 0, 0, 0
982, 490, 0, 0, 0, 0
987, 490, 0, 0, 0, 0
985, 492, 0, 0, 0, 0
972, 493, 0, 0, 0, 0
1179, 495, 0, 0, 0, 0
1161, 492, 0, 0, 0, 0
980, 490, 0, 0, 0, 0
980, 500, 0, 0, 0, 0
986, 495, 0, 0, 0, 0
978, 493, 0, 0, 0, 0
1184, 492, 0, 0, 0, 0
994, 498, 0, 0, 0, 0
974, 496, 0, 0, 0, 0
982, 492, 0, 0, 0, 0
988, 490, 0, 0, 0, 0
999, 576, 0, 0, 0, 0
979, 491, 0, 0, 0, 0
981, 490, 0, 0, 0, 0
991, 492, 0, 0, 0, 0
980, 498, 0, 0, 0, 0
994, 502, 0, 0, 0, 0
1285, 498, 0, 0, 0, 0
992, 532, 0, 0, 0, 0
978, 491, 0, 0, 0, 0
978, 489, 0, 0, 0, 0
982, 491, 0, 0, 0, 0
993, 493, 0, 0, 0, 0
1179, 497, 0, 0, 0, 0
983, 490, 0, 0, 0, 0
990, 492, 0, 0, 0, 0
982, 495, 0, 0, 0, 0
979, 491, 0, 0, 0, 0
980, 489, 0, 0, 0, 0
946, 492, 0, 0, 0, 0
990, 492, 0, 0, 0, 0
981, 498, 0, 0, 0, 0
990, 499, 0, 0, 0, 0
1285, 495, 0, 0, 0, 0
991, 495, 0, 0, 0, 0
982, 492, 0, 0, 0, 0
972, 493, 0, 0, 0, 0
979, 492, 0, 0, 0, 0
983, 495, 0, 0, 0, 0
1185, 492, 0, 0, 0, 0
6451, 490, 0, 0, 0, 0
1236, 500, 0, 0, 0, 0
987, 493, 0, 0, 0, 0
1000, 493, 0, 0, 0, 0
1258, 573, 0, 0, 0, 0
985, 492, 0, 0, 0, 0
982, 492, 0, 0, 0, 0
978, 493, 0, 0, 0, 0
983, 529, 0, 0, 0, 0
982, 490, 0, 0, 0, 0
1175, 492, 0, 0, 0, 0
988, 493, 0, 0, 0, 0
982, 498, 0, 0, 0, 0
975, 493, 0, 0, 0, 0
976, 493, 0, 0, 0, 0
984, 492, 0, 0, 0, 0
989, 492, 0, 0, 0, 0
978, 492, 0, 0, 0, 0
986, 492, 0, 0, 0, 0
974, 492, 0, 0, 0, 0
998, 527, 0, 0, 0, 0
1284, 562, 0, 0, 0, 0
988, 493, 0, 0, 0, 0
991, 490, 0, 0, 0, 0
1038, 575, 0, 0, 0, 0
989, 496, 0, 0, 0, 0
1173, 490, 0, 0, 0, 0
997, 492, 0, 0, 0, 0
952, 502, 0, 0, 0, 0
983, 495, 0, 0, 0, 0
979, 497, 0, 0, 0, 0
1006, 497, 0, 0, 0, 0
972, 518, 0, 0, 0, 0
990, 590, 0, 0, 0, 0
985, 493, 0, 0, 0, 0
1002, 496, 0, 0, 0, 0
1177, 517, 0, 0, 0, 0
1166, 502, 0, 0, 0, 0
985, 495, 0, 0, 0, 0
982, 499, 0, 0, 0, 0
976, 499, 0, 0, 0, 0
976, 493, 0, 0, 0, 0
1227, 532, 0, 0, 0, 0
958, 601, 0, 0, 0, 0
947, 529, 0, 0, 0, 0
941, 581, 0, 0, 0, 0
940, 525, 0, 0, 0, 0
950, 523, 0, 0, 0, 0
940, 534, 0, 0, 0, 0
948, 527, 0, 0, 0, 0
948, 595, 0, 0, 0, 0
990, 558, 0, 0, 0, 0
982, 498, 0, 0, 0, 0
1282, 493, 0, 0, 0, 0
994, 491, 0, 0, 0, 0
982, 492, 0, 0, 0, 0
987, 499, 0, 0, 0, 0
984, 492, 0, 0, 0, 0
982, 493, 0, 0, 0, 0
1180, 492, 0, 0, 0, 0
978, 500, 0, 0, 0, 0
981, 491, 0, 0, 0, 0
972, 493, 0, 0, 0, 0
992, 493, 0, 0, 0, 0
982, 497, 0, 0, 0, 0
981, 527, 0, 0, 0, 0
987, 490, 0, 0, 0, 0
970, 491, 0, 0, 0, 0
978, 507, 0, 0, 0, 0
980, 496, 0, 0, 0, 0
1327, 525, 0, 0, 0, 0
988, 559, 0, 0, 0, 0
979, 499, 0, 0, 0, 0
981, 493, 0, 0, 0, 0
976, 490, 0, 0, 0, 0
988, 574, 0, 0, 0, 0
1181, 492, 0, 0, 0, 0
987, 493, 0, 0, 0, 0
983, 499, 0, 0, 0, 0
988, 498, 0, 0, 0, 0
987, 491, 0, 0, 0, 0
984, 491, 0, 0, 0, 0
984, 492, 0, 0, 0, 0
978, 495, 0, 0, 0, 0
990, 494, 0, 0, 0, 0
1164, 527, 0, 0, 0, 0
1159, 493, 0, 0, 0, 0
993, 495, 0, 0, 0, 0
983, 491, 0, 0, 0, 0
985, 493, 0, 0, 0, 0
977, 493, 0, 0, 0, 0
986, 489, 0, 0, 0, 0
1184, 488, 0, 0, 0, 0
999, 490, 0, 0, 0, 0
979, 486, 0, 0, 0, 0
979, 496, 0, 0, 0, 0
981, 489, 0, 0, 0, 0
982, 487, 0, 0, 0, 0
986, 559, 0, 0, 0, 0
1030, 533, 0, 0, 0, 0
994, 489, 0, 0, 0, 0
977, 488, 0, 0, 0, 0
1013, 489, 0, 0, 0, 0
1281, 495, 0, 0, 0, 0
991, 489, 0, 0, 0, 0
983, 486, 0, 0, 0, 0
982, 488, 0, 0, 0, 0
977, 495, 0, 0, 0, 0
1190, 490, 0, 0, 0, 0
995, 492, 0, 0, 0, 0
987, 491, 0, 0, 0, 0
976, 498, 0, 0, 0, 0
978, 492, 0, 0, 0, 0
975, 490, 0, 0, 0, 0
984, 491, 0, 0, 0, 0
985, 497, 0, 0, 0, 0
989, 488, 0, 0, 0, 0
980, 490, 0, 0, 0, 0
1011, 493, 0, 0, 0, 0
1236, 498, 0, 0, 0, 0
987, 492, 0, 0, 0, 0
986, 491, 0, 0, 0, 0
975, 493, 0, 0, 0, 0
976, 499, 0, 0, 0, 0
997, 498, 0, 0, 0, 0
1185, 492, 0, 0, 0, 0
979, 532, 0, 0, 0, 0
983, 491, 0, 0, 0, 0
983, 491, 0, 0, 0, 0
981, 499, 0, 0, 0, 0
960, 564, 0, 0, 0, 0
982, 492, 0, 0, 0, 0
982, 496, 0, 0, 0, 0
978, 491, 0, 0, 0, 0
976, 492, 0, 0, 0, 0
995, 497, 0, 0, 0, 0
1276, 493, 0, 0, 0, 0
980, 495, 0, 0, 0, 0
982, 495, 0, 0, 0, 0
974, 490, 0, 0, 0, 0
989, 493, 0, 0, 0, 0
1183, 492, 0, 0, 0, 0
990, 530, 0, 0, 0, 0
981, 492, 0, 0, 0, 0
984, 493, 0, 0, 0, 0
985, 492, 0, 0, 0, 0
1009, 495, 0, 0, 0, 0
978, 493, 0, 0, 0, 0
986, 497, 0, 0, 0, 0
985, 496, 0, 0, 0, 0
977, 492, 0, 0, 0, 0
1038, 527, 0, 0, 0, 0
1302, 559, 0, 0, 0, 0
1009, 525, 0, 0, 0, 0
979, 498, 0, 0, 0, 0
981, 489, 0, 0, 0, 0
978, 493, 0, 0, 0, 0
991, 495, 0, 0, 0, 0
1225, 530, 0, 0, 0, 0
989, 491, 0, 0, 0, 0
980, 492, 0, 0, 0, 0
985, 491, 0, 0, 0, 0
991, 498, 0, 0, 0, 0
980, 492, 0, 0, 0, 0
982, 493, 0, 0, 0, 0
991, 494, 0, 0, 0, 0
983, 494, 0, 0, 0, 0
1191, 500, 0, 0, 0, 0
1173, 494, 0, 0, 0, 0
990, 493, 0, 0, 0, 0
980, 498, 0, 0, 0, 0
984, 492, 0, 0, 0, 0
978, 491, 0, 0, 0, 0
990, 492, 0, 0, 0, 0
1191, 499, 0, 0, 0, 0
985, 499, 0, 0, 0, 0
992, 492, 0, 0, 0, 0
977, 498, 0, 0, 0, 0
992, 490, 0, 0, 0, 0
985, 489, 0, 0, 0, 0
983, 494, 0, 0, 0, 0
973, 497, 0, 0, 0, 0
986, 492, 0, 0, 0, 0
986, 493, 0, 0, 0, 0
992, 491, 0, 0, 0, 0
1285, 491, 0, 0, 0, 0
984, 499, 0, 0, 0, 0
973, 493, 0, 0, 0, 0
987, 492, 0, 0, 0, 0
979, 491, 0, 0, 0, 0
1196, 492, 0, 0, 0, 0
991, 491, 0, 0, 0, 0
979, 495, 0, 0, 0, 0
977, 493, 0, 0, 0, 0
977, 497, 0, 0, 0, 0
984, 495, 0, 0, 0, 0
985, 492, 0, 0, 0, 0
989, 495, 0, 0, 0, 0
971, 491, 0, 0, 0, 0
985, 492, 0, 0, 0, 0
1011, 530, 0, 0, 0, 0
1246, 498, 0, 0, 0, 0
989, 490, 0, 0, 0, 0
981, 490, 0, 0, 0, 0
981, 493, 0, 0, 0, 0
981, 493, 0, 0, 0, 0
989, 492, 0, 0, 0, 0
1180, 492, 0, 0, 0, 0
998, 491, 0, 0, 0, 0
981, 496, 0, 0, 0, 0
982, 495, 0, 0, 0, 0
984, 490, 0, 0, 0, 0
983, 490, 0, 0, 0, 0
979, 496, 0, 0, 0, 0
982, 491, 0, 0, 0, 0
983, 491, 0, 0, 0, 0
978, 491, 0, 0, 0, 0
1035, 528, 0, 0, 0, 0
1291, 491, 0, 0, 0, 0
986, 493, 0, 0, 0, 0
980, 492, 0, 0, 0, 0
987, 497, 0, 0, 0, 0
984, 493, 0, 0, 0, 0
1188, 491, 0, 0, 0, 0
987, 491, 0, 0, 0, 0
978, 501, 0, 0, 0, 0
980, 492, 0, 0, 0, 0
988, 492, 0, 0, 0, 0
989, 491, 0, 0, 0, 0
981, 499, 0, 0, 0, 0
984, 499, 0, 0, 0, 0
995, 492, 0, 0, 0, 0
979, 493, 0, 0, 0, 0
1009, 497, 0, 0, 0, 0
1289, 493, 0, 0, 0, 0
993, 490, 0, 0, 0, 0
981, 533, 0, 0, 0, 0
980, 490, 0, 0, 0, 0
981, 492, 0, 0, 0, 0
1159, 490, 0, 0, 0, 0
990, 533, 0, 0, 0, 0
985, 491, 0, 0, 0, 0
981, 489, 0, 0, 0, 0
984, 490, 0, 0, 0, 0
987, 532, 0, 0, 0, 0
979, 491, 0, 0, 0, 0
980, 491, 0, 0, 0, 0
982, 490, 0, 0, 0, 0
981, 538, 0, 0, 0, 0
1003, 489, 0, 0, 0, 0
1271, 488, 0, 0, 0, 0
995, 489, 0, 0, 0, 0
991, 533, 0, 0, 0, 0
981, 487, 0, 0, 0, 0
989, 489, 0, 0, 0, 0
986, 490, 0, 0, 0, 0
1150, 493, 0, 0, 0, 0
985, 489, 0, 0, 0, 0
971, 491, 0, 0, 0, 0
984, 489, 0, 0, 0, 0
990, 555, 0, 0, 0, 0
977, 487, 0, 0, 0, 0
977, 486, 0, 0, 0, 0
983, 488, 0, 0, 0, 0
982, 523, 0, 0, 0, 0
979, 493, 0, 0, 0, 0
1007, 490, 0, 0, 0, 0
1316, 488, 0, 0, 0, 0
976, 495, 0, 0, 0, 0
986, 487, 0, 0, 0, 0
983, 489, 0, 0, 0, 0
978, 489, 0, 0, 0, 0
1206, 493, 0, 0, 0, 0
997, 490, 0, 0, 0, 0
980, 486, 0, 0, 0, 0
987, 487, 0, 0, 0, 0
982, 493, 0, 0, 0, 0
986, 488, 0, 0, 0, 0
992, 487, 0, 0, 0, 0
986, 488, 0, 0, 0, 0
990, 493, 0, 0, 0, 0
986, 494, 0, 0, 0, 0
1191, 487, 0, 0, 0, 0
1164, 488, 0, 0, 0, 0
984, 493, 0, 0, 0, 0
983, 494, 0, 0, 0, 0
982, 495, 0, 0, 0, 0
977, 486, 0, 0, 0, 0
990, 494, 0, 0, 0, 0
1175, 493, 0, 0, 0, 0
993, 494, 0, 0, 0, 0
987, 497, 0, 0, 0, 0
986, 491, 0, 0, 0, 0
980, 489, 0, 0, 0, 0
979, 492, 0, 0, 0, 0
988, 490, 0, 0, 0, 0
975, 495, 0, 0, 0, 0
986, 550, 0, 0, 0, 0
984, 494, 0, 0, 0, 0
1287, 493, 0, 0, 0, 0
983, 499, 0, 0, 0, 0
981, 492, 0, 0, 0, 0
985, 492, 0, 0, 0, 0
990, 500, 0, 0, 0, 0
985, 490, 0, 0, 0, 0
1173, 493, 0, 0, 0, 0
992, 491, 0, 0, 0, 0
983, 494, 0, 0, 0, 0
971, 489, 0, 0, 0, 0
983, 487, 0, 0, 0, 0
980, 490, 0, 0, 0, 0
975, 492, 0, 0, 0, 0
983, 489, 0, 0, 0, 0
986, 490, 0, 0, 0, 0
981, 492, 0, 0, 0, 0
1003, 546, 0, 0, 0, 0
1280, 493, 0, 0, 0, 0
993, 494, 0, 0, 0, 0
987, 494, 0, 0, 0, 0
979, 537, 0, 0, 0, 0
986, 495, 0, 0, 0, 0
1167, 493, 0, 0, 0, 0
1007, 493, 0, 0, 0, 0
984, 500, 0, 0, 0, 0
981, 493, 0, 0, 0, 0
983, 492, 0, 0, 0, 0
979, 493, 0, 0, 0, 0
980, 514, 0, 0, 0, 0
991, 491, 0, 0, 0, 0
955, 492, 0, 0, 0, 0
977, 493, 0, 0, 0, 0
1181, 585, 0, 0, 0, 0
1149, 492, 0, 0, 0, 0
994, 489, 0, 0, 0, 0
987, 491, 0, 0, 0, 0
954, 496, 0, 0, 0, 0
976, 494, 0, 0, 0, 0
991, 492, 0, 0, 0, 0
1175, 492, 0, 0, 0, 0
999, 496, 0, 0, 0, 0
980, 491, 0, 0, 0, 0
986, 494, 0, 0, 0, 0
983, 492, 0, 0, 0, 0
984, 502, 0, 0, 0, 0
982, 494, 0, 0, 0, 0
986, 493, 0, 0, 0, 0
989, 492, 0, 0, 0, 0
973, 507, 0, 0, 0, 0
1028, 623, 0, 0, 0, 0
1297, 483, 0, 0, 0, 0
989, 517, 0, 0, 0, 0
979, 490, 0, 0, 0, 0
982, 483, 0, 0, 0, 0
980, 487, 0, 0, 0, 0
1194, 485, 0, 0, 0, 0
989, 487, 0, 0, 0, 0
981, 483, 0, 0, 0, 0
982, 486, 0, 0, 0, 0
981, 624, 0, 0, 0, 0
993, 483, 0, 0, 0, 0
985, 486, 0, 0, 0, 0
987, 481, 0, 0, 0, 0
982, 565, 0, 0, 0, 0
983, 491, 0, 0, 0, 0
1178, 550, 0, 0, 0, 0
1152, 484, 0, 0, 0, 0
987, 545, 0, 0, 0, 0
982, 485, 0, 0, 0, 0
982, 487, 0, 0, 0, 0
980, 484, 0, 0, 0, 0
984, 554, 0, 0, 0, 0
1174, 484, 0, 0, 0, 0
984, 489, 0, 0, 0, 0
983, 483, 0, 0, 0, 0
1002, 517, 0, 0, 0, 0
986, 514, 0, 0, 0, 0
982, 483, 0, 0, 0, 0
973, 484, 0, 0, 0, 0
991, 485, 0, 0, 0, 0
985, 483, 0, 0, 0, 0
1007, 482, 0, 0, 0, 0
1274, 486, 0, 0, 0, 0
987, 491, 0, 0, 0, 0
979, 484, 0, 0, 0, 0
985, 484, 0, 0, 0, 0
979, 485, 0, 0, 0, 0
989, 489, 0, 0, 0, 0
1172, 484, 0, 0, 0, 0
983, 485, 0, 0, 0, 0
982, 484, 0, 0, 0, 0
986, 490, 0, 0, 0, 0
978, 490, 0, 0, 0, 0
983, 482, 0, 0, 0, 0
983, 485, 0, 0, 0, 0
979, 492, 0, 0, 0, 0
1000, 484, 0, 0, 0, 0
1015, 484, 0, 0, 0, 0
984, 514, 0, 0, 0, 0
1255, 489, 0, 0, 0, 0
985, 481, 0, 0, 0, 0
983, 482, 0, 0, 0, 0
984, 485, 0, 0, 0, 0
973, 491, 0, 0, 0, 0
1160, 483, 0, 0, 0, 0
981, 525, 0, 0, 0, 0
979, 481, 0, 0, 0, 0
974, 490, 0, 0, 0, 0
987, 483, 0, 0, 0, 0
981, 483, 0, 0, 0, 0
980, 485, 0, 0, 0, 0
979, 489, 0, 0, 0, 0
981, 483, 0, 0, 0, 0
985, 484, 0, 0, 0, 0
1011, 484, 0, 0, 0, 0
1262, 494, 0, 0, 0, 0
992, 519, 0, 0, 0, 0
988, 483, 0, 0, 0, 0
981, 520, 0, 0, 0, 0
981, 483, 0, 0, 0, 0
988, 483, 0, 0, 0, 0
1182, 483, 0, 0, 0, 0
991, 522, 0, 0, 0, 0
983, 483, 0, 0, 0, 0
982, 484, 0, 0, 0, 0
979, 484, 0, 0, 0, 0
973, 487, 0, 0, 0, 0
980, 485, 0, 0, 0, 0
983, 483, 0, 0, 0, 0
975, 484, 0, 0, 0, 0
978, 539, 0, 0, 0, 0
998, 610, 0, 0, 0, 0
1246, 484, 0, 0, 0, 0
991, 489, 0, 0, 0, 0
984, 519, 0, 0, 0, 0
978, 490, 0, 0, 0, 0
980, 489, 0, 0, 0, 0
1210, 527, 0, 0, 0, 0
1029, 569, 0, 0, 0, 0
991, 547, 0, 0, 0, 0
987, 487, 0, 0, 0, 0
989, 484, 0, 0, 0, 0
985, 560, 0, 0, 0, 0
981, 484, 0, 0, 0, 0
976, 483, 0, 0, 0, 0
993, 485, 0, 0, 0, 0
988, 518, 0, 0, 0, 0
1133, 520, 0, 0, 0, 0
1157, 484, 0, 0, 0, 0
983, 514, 0, 0, 0, 0
973, 488, 0, 0, 0, 0
984, 512, 0, 0, 0, 0
978, 484, 0, 0, 0, 0
997, 483, 0, 0, 0, 0
1183, 490, 0, 0, 0, 0
988, 480, 0, 0, 0, 0
982, 485, 0, 0, 0, 0
977, 485, 0, 0, 0, 0
987, 492, 0, 0, 0, 0
981, 484, 0, 0, 0, 0
989, 485, 0, 0, 0, 0
977, 483, 0, 0, 0, 0
951, 487, 0, 0, 0, 0
993, 496, 0, 0, 0, 0
1260, 483, 0, 0, 0, 0
995, 481, 0, 0, 0, 0
979, 490, 0, 0, 0, 0
979, 483, 0, 0, 0, 0
984, 481, 0, 0, 0, 0
986, 483, 0, 0, 0, 0
1189, 491, 0, 0, 0, 0
991, 480, 0, 0, 0, 0
984, 485, 0, 0, 0, 0
974, 483, 0, 0, 0, 0
970, 528, 0, 0, 0, 0
979, 483, 0, 0, 0, 0
982, 480, 0, 0, 0, 0
974, 481, 0, 0, 0, 0
987, 489, 0, 0, 0, 0
1553, 1537, 0, 0, 0, 0
1012, 489, 0, 0, 0, 0
1154, 563, 0, 0, 0, 0
973, 486, 0, 0, 0, 0
979, 487, 0, 0, 0, 0
977, 485, 0, 0, 0, 0
979, 579, 0, 0, 0, 0
1197, 486, 0, 0, 0, 0
1007, 489, 0, 0, 0, 0
981, 486, 0, 0, 0, 0
983, 487, 0, 0, 0, 0
978, 484, 0, 0, 0, 0
980, 488, 0, 0, 0, 0
1006, 487, 0, 0, 0, 0
986, 493, 0, 0, 0, 0
989, 482, 0, 0, 0, 0
987, 482, 0, 0, 0, 0
986, 482, 0, 0, 0, 0
1254, 629, 0, 0, 0, 0
985, 484, 0, 0, 0, 0
983, 483, 0, 0, 0, 0
979, 483, 0, 0, 0, 0
982, 490, 0, 0, 0, 0
991, 483, 0, 0, 0, 0
1176, 484, 0, 0, 0, 0
985, 488, 0, 0, 0, 0
982, 490, 0, 0, 0, 0
971, 482, 0, 0, 0, 0
981, 484, 0, 0, 0, 0
979, 483, 0, 0, 0, 0
979, 489, 0, 0, 0, 0
985, 487, 0, 0, 0, 0
975, 487, 0, 0, 0, 0
1004, 481, 0, 0, 0, 0
1257, 487, 0, 0, 0, 0
999, 485, 0, 0, 0, 0
981, 483, 0, 0, 0, 0
981, 484, 0, 0, 0, 0
978, 491, 0, 0, 0, 0
988, 484, 0, 0, 0, 0
1172, 486, 0, 0, 0, 0
984, 486, 0, 0, 0, 0
972, 485, 0, 0, 0, 0
984, 483, 0, 0, 0, 0
985, 484, 0, 0, 0, 0
985, 523, 0, 0, 0, 0
980, 485, 0, 0, 0, 0
981, 483, 0, 0, 0, 0
978, 483, 0, 0, 0, 0
978, 484, 0, 0, 0, 0
987, 491, 0, 0, 0, 0
1259, 485, 0, 0, 0, 0
985, 515, 0, 0, 0, 0
975, 556, 0, 0, 0, 0
978, 487, 0, 0, 0, 0
972, 486, 0, 0, 0, 0
981, 520, 0, 0, 0, 0
1147, 487, 0, 0, 0, 0
986, 520, 0, 0, 0, 0
979, 484, 0, 0, 0, 0
973, 484, 0, 0, 0, 0
989, 487, 0, 0, 0, 0
982, 484, 0, 0, 0, 0
980, 483, 0, 0, 0, 0
983, 489, 0, 0, 0, 0
975, 526, 0, 0, 0, 0
995, 483, 0, 0, 0, 0
1258, 624, 0, 0, 0, 0
993, 484, 0, 0, 0, 0
1001, 634, 0, 0, 0, 0
991, 483, 0, 0, 0, 0
975, 483, 0, 0, 0, 0
992, 486, 0, 0, 0, 0
1143, 522, 0, 0, 0, 0
980, 493, 0, 0, 0, 0
980, 489, 0, 0, 0, 0
982, 487, 0, 0, 0, 0
984, 565, 0, 0, 0, 0
985, 486, 0, 0, 0, 0
981, 483, 0, 0, 0, 0
984, 487, 0, 0, 0, 0
984, 525, 0, 0, 0, 0
982, 491, 0, 0, 0, 0
1025, 564, 0, 0, 0, 0
1257, 484, 0, 0, 0, 0
990, 522, 0, 0, 0, 0
984, 483, 0, 0, 0, 0
978, 483, 0, 0, 0, 0
996, 485, 0, 0, 0, 0
1003, 493, 0, 0, 0, 0
1179, 483, 0, 0, 0, 0
983, 483, 0, 0, 0, 0
977, 483, 0, 0, 0, 0
988, 497, 0, 0, 0, 0
986, 496, 0, 0, 0, 0
978, 486, 0, 0, 0, 0
977, 517, 0, 0, 0, 0
972, 491, 0, 0, 0, 0
997, 521, 0, 0, 0, 0
970, 487, 0, 0, 0, 0
1257, 487, 0, 0, 0, 0
997, 487, 0, 0, 0, 0
974, 485, 0, 0, 0, 0
977, 488, 0, 0, 0, 0
975, 482, 0, 0, 0, 0
985, 489, 0, 0, 0, 0
1186, 484, 0, 0, 0, 0
987, 485, 0, 0, 0, 0
987, 483, 0, 0, 0, 0
979, 490, 0, 0, 0, 0
982, 486, 0, 0, 0, 0
975, 483, 0, 0, 0, 0
988, 484, 0, 0, 0, 0
975, 528, 0, 0, 0, 0
977, 486, 0, 0, 0, 0
976, 483, 0, 0, 0, 0
1033, 558, 0, 0, 0, 0
1258, 492, 0, 0, 0, 0
1049, 616, 0, 0, 0, 0
982, 487, 0, 0, 0, 0
991, 522, 0, 0, 0, 0
990, 485, 0, 0, 0, 0
1179, 484, 0, 0, 0, 0
986, 484, 0, 0, 0, 0
989, 519, 0, 0, 0, 0
977, 485, 0, 0, 0, 0
984, 485, 0, 0, 0, 0
974, 486, 0, 0, 0, 0
1008, 555, 0, 0, 0, 0
983, 485, 0, 0, 0, 0
988, 484, 0, 0, 0, 0
991, 484, 0, 0, 0, 0
1136, 577, 0, 0, 0, 0
1148, 483, 0, 0, 0, 0
986, 488, 0, 0, 0, 0
983, 486, 0, 0, 0, 0
1012, 570, 0, 0, 0, 0
981, 484, 0, 0, 0, 0
986, 486, 0, 0, 0, 0
1181, 484, 0, 0, 0, 0
981, 488, 0, 0, 0, 0
972, 489, 0, 0, 0, 0
976, 484, 0, 0, 0, 0
1021, 485, 0, 0, 0, 0
976, 503, 0, 0, 0, 0
992, 484, 0, 0, 0, 0
971, 484, 0, 0, 0, 0
984, 484, 0, 0, 0, 0
1038, 577, 0, 0, 0, 0
1258, 487, 0, 0, 0, 0
993, 485, 0, 0, 0, 0
1003, 580, 0, 0, 0, 0
979, 489, 0, 0, 0, 0
971, 486, 0, 0, 0, 0
984, 488, 0, 0, 0, 0
1176, 485, 0, 0, 0, 0
996, 488, 0, 0, 0, 0
985, 485, 0, 0, 0, 0
985, 484, 0, 0, 0, 0
983, 486, 0, 0, 0, 0
984, 489, 0, 0, 0, 0
973, 485, 0, 0, 0, 0
980, 483, 0, 0, 0, 0
975, 535, 0, 0, 0, 0
985, 489, 0, 0, 0, 0
992, 489, 0, 0, 0, 0
1256, 484, 0, 0, 0, 0
995, 566, 0, 0, 0, 0
981, 488, 0, 0, 0, 0
979, 486, 0, 0, 0, 0
975, 486, 0, 0, 0, 0
1000, 486, 0, 0, 0, 0
1183, 490, 0, 0, 0, 0
985, 482, 0, 0, 0, 0
977, 486, 0, 0, 0, 0
984, 580, 0, 0, 0, 0
986, 487, 0, 0, 0, 0
985, 487, 0, 0, 0, 0
976, 538, 0, 0, 0, 0
985, 514, 0, 0, 0, 0
971, 482, 0, 0, 0, 0
986, 494, 0, 0, 0, 0
1262, 486, 0, 0, 0, 0
997, 527, 0, 0, 0, 0
980, 558, 0, 0, 0, 0
991, 483, 0, 0, 0, 0
978, 483, 0, 0, 0, 0
989, 483, 0, 0, 0, 0
1187, 484, 0, 0, 0, 0
987, 484, 0, 0, 0, 0
985, 483, 0, 0, 0, 0
982, 523, 0, 0, 0, 0
983, 486, 0, 0, 0, 0
975, 483, 0, 0, 0, 0
980, 494, 0, 0, 0, 0
1012, 558, 0, 0, 0, 0
991, 482, 0, 0, 0, 0
975, 483, 0, 0, 0, 0
967, 487, 0, 0, 0, 0
1247, 543, 0, 0, 0, 0
977, 481, 0, 0, 0, 0
984, 489, 0, 0, 0, 0
985, 485, 0, 0, 0, 0
987, 485, 0, 0, 0, 0
1148, 488, 0, 0, 0, 0
985, 490, 0, 0, 0, 0
980, 484, 0, 0, 0, 0
1002, 528, 0, 0, 0, 0
992, 483, 0, 0, 0, 0
992, 485, 0, 0, 0, 0
977, 485, 0, 0, 0, 0
1010, 520, 0, 0, 0, 0
990, 482, 0, 0, 0, 0
979, 525, 0, 0, 0, 0
989, 483, 0, 0, 0, 0
1316, 558, 0, 0, 0, 0
987, 483, 0, 0, 0, 0
979, 481, 0, 0, 0, 0
978, 485, 0, 0, 0, 0
980, 489, 0, 0, 0, 0
993, 488, 0, 0, 0, 0
1173, 489, 0, 0, 0, 0
983, 486, 0, 0, 0, 0
986, 544, 0, 0, 0, 0
979, 482, 0, 0, 0, 0
985, 486, 0, 0, 0, 0
973, 484, 0, 0, 0, 0
978, 489, 0, 0, 0, 0
973, 482, 0, 0, 0, 0
985, 484, 0, 0, 0, 0
982, 483, 0, 0, 0, 0
1007, 492, 0, 0, 0, 0
1255, 485, 0, 0, 0, 0
989, 483, 0, 0, 0, 0
976, 484, 0, 0, 0, 0
982, 521, 0, 0, 0, 0
977, 481, 0, 0, 0, 0
1182, 479, 0, 0, 0, 0
983, 550, 0, 0, 0, 0
990, 481, 0, 0, 0, 0
986, 482, 0, 0, 0, 0
978, 480, 0, 0, 0, 0
984, 482, 0, 0, 0, 0
983, 490, 0, 0, 0, 0
976, 482, 0, 0, 0, 0
971, 483, 0, 0, 0, 0
982, 482, 0, 0, 0, 0
980, 489, 0, 0, 0, 0
1263, 489, 0, 0, 0, 0
983, 482, 0, 0, 0, 0
993, 485, 0, 0, 0, 0
1025, 573, 0, 0, 0, 0
986, 480, 0, 0, 0, 0
980, 485, 0, 0, 0, 0
1145, 519, 0, 0, 0, 0
980, 485, 0, 0, 0, 0
982, 486, 0, 0, 0, 0
990, 487, 0, 0, 0, 0
981, 543, 0, 0, 0, 0
979, 484, 0, 0, 0, 0
981, 486, 0, 0, 0, 0
975, 489, 0, 0, 0, 0
978, 576, 0, 0, 0, 0
979, 487, 0, 0, 0, 0
1025, 698, 0, 0, 0, 0
1262, 485, 0, 0, 0, 0
965, 580, 0, 0, 0, 0
979, 486, 0, 0, 0, 0
978, 486, 0, 0, 0, 0
975, 486, 0, 0, 0, 0
1155, 577, 0, 0, 0, 0
985, 484, 0, 0, 0, 0
979, 487, 0, 0, 0, 0
981, 487, 0, 0, 0, 0
974, 564, 0, 0, 0, 0
985, 489, 0, 0, 0, 0
973, 488, 0, 0, 0, 0
975, 487, 0, 0, 0, 0
983, 570, 0, 0, 0, 0
977, 493, 0, 0, 0, 0
997, 592, 0, 0, 0, 0
1232, 488, 0, 0, 0, 0
1020, 543, 0, 0, 0, 0
977, 485, 0, 0, 0, 0
983, 566, 0, 0, 0, 0
969, 485, 0, 0, 0, 0
989, 526, 0, 0, 0, 0
1180, 488, 0, 0, 0, 0
983, 485, 0, 0, 0, 0
991, 487, 0, 0, 0, 0
981, 491, 0, 0, 0, 0
974, 483, 0, 0, 0, 0
982, 551, 0, 0, 0, 0
978, 493, 0, 0, 0, 0
1002, 527, 0, 0, 0, 0
982, 487, 0, 0, 0, 0
986, 485, 0, 0, 0, 0
966, 483, 0, 0, 0, 0
1357, 662, 0, 0, 0, 0
988, 514, 0, 0, 0, 0
984, 488, 0, 0, 0, 0
987, 484, 0, 0, 0, 0
979, 493, 0, 0, 0, 0
1236, 589, 0, 0, 0, 0
984, 484, 0, 0, 0, 0
989, 486, 0, 0, 0, 0
991, 490, 0, 0, 0, 0
978, 484, 0, 0, 0, 0
981, 486, 0, 0, 0, 0
979, 522, 0, 0, 0, 0
981, 494, 0, 0, 0, 0
977, 485, 0, 0, 0, 0
980, 485, 0, 0, 0, 0
974, 486, 0, 0, 0, 0
1262, 498, 0, 0, 0, 0
990, 488, 0, 0, 0, 0
987, 489, 0, 0, 0, 0
985, 523, 0, 0, 0, 0
982, 482, 0, 0, 0, 0
988, 522, 0, 0, 0, 0
1173, 485, 0, 0, 0, 0
989, 526, 0, 0, 0, 0
984, 487, 0, 0, 0, 0
982, 487, 0, 0, 0, 0
985, 484, 0, 0, 0, 0
977, 488, 0, 0, 0, 0
991, 556, 0, 0, 0, 0
977, 491, 0, 0, 0, 0
975, 491, 0, 0, 0, 0
961, 525, 0, 0, 0, 0
1269, 486, 0, 0, 0, 0
998, 488, 0, 0, 0, 0
983, 488, 0, 0, 0, 0
985, 490, 0, 0, 0, 0
980, 486, 0, 0, 0, 0
989, 485, 0, 0, 0, 0
1178, 487, 0, 0, 0, 0
1002, 578, 0, 0, 0, 0
979, 488, 0, 0, 0, 0
983, 489, 0, 0, 0, 0
990, 490, 0, 0, 0, 0
978, 545, 0, 0, 0, 0
987, 485, 0, 0, 0, 0
986, 486, 0, 0, 0, 0
985, 493, 0, 0, 0, 0
982, 529, 0, 0, 0, 0
968, 486, 0, 0, 0, 0
1262, 488, 0, 0, 0, 0
1020, 486, 0, 0, 0, 0
980, 573, 0, 0, 0, 0
1013, 484, 0, 0, 0, 0
968, 485, 0, 0, 0, 0
1143, 488, 0, 0, 0, 0
980, 524, 0, 0, 0, 0
984, 488, 0, 0, 0, 0
990, 490, 0, 0, 0, 0
987, 490, 0, 0, 0, 0
986, 493, 0, 0, 0, 0
976, 491, 0, 0, 0, 0
984, 486, 0, 0, 0, 0
978, 486, 0, 0, 0, 0
955, 509, 0, 0, 0, 0
996, 493, 0, 0, 0, 0
1275, 496, 0, 0, 0, 0
990, 496, 0, 0, 0, 0
978, 503, 0, 0, 0, 0
987, 494, 0, 0, 0, 0
977, 495, 0, 0, 0, 0
986, 496, 0, 0, 0, 0
1175, 505, 0, 0, 0, 0
994, 492, 0, 0, 0, 0
976, 495, 0, 0, 0, 0
986, 495, 0, 0, 0, 0
978, 502, 0, 0, 0, 0
972, 496, 0, 0, 0, 0
979, 492, 0, 0, 0, 0
975, 495, 0, 0, 0, 0
986, 499, 0, 0, 0, 0
994, 503, 0, 0, 0, 0
1003, 497, 0, 0, 0, 0
1257, 496, 0, 0, 0, 0
989, 503, 0, 0, 0, 0
981, 496, 0, 0, 0, 0
976, 494, 0, 0, 0, 0
979, 494, 0, 0, 0, 0
1191, 503, 0, 0, 0, 0
997, 497, 0, 0, 0, 0
981, 490, 0, 0, 0, 0
981, 499, 0, 0, 0, 0
977, 494, 0, 0, 0, 0
978, 495, 0, 0, 0, 0
984, 494, 0, 0, 0, 0
976, 498, 0, 0, 0, 0
982, 492, 0, 0, 0, 0
986, 497, 0, 0, 0, 0
992, 496, 0, 0, 0, 0
1261, 496, 0, 0, 0, 0
988, 498, 0, 0, 0, 0
982, 500, 0, 0, 0, 0
981, 495, 0, 0, 0, 0
979, 498, 0, 0, 0, 0
988, 496, 0, 0, 0, 0
1188, 496, 0, 0, 0, 0
978, 495, 0, 0, 0, 0
991, 533, 0, 0, 0, 0
977, 496, 0, 0, 0, 0
979, 496, 0, 0, 0, 0
986, 493, 0, 0, 0, 0
981, 585, 0, 0, 0, 0
980, 497, 0, 0, 0, 0
976, 492, 0, 0, 0, 0
978, 494, 0, 0, 0, 0
1004, 536, 0, 0, 0, 0
1272, 492, 0, 0, 0, 0
988, 495, 0, 0, 0, 0
980, 496, 0, 0, 0, 0
974, 570, 0, 0, 0, 0
975, 496, 0, 0, 0, 0
1192, 493, 0, 0, 0, 0
1005, 493, 0, 0, 0, 0
950, 496, 0, 0, 0, 0
967, 498, 0, 0, 0, 0
993, 498, 0, 0, 0, 0
984, 498, 0, 0, 0, 0
1022, 534, 0, 0, 0, 0
983, 492, 0, 0, 0, 0
983, 495, 0, 0, 0, 0
981, 493, 0, 0, 0, 0
971, 554, 0, 0, 0, 0
1250, 493, 0, 0, 0, 0
956, 492, 0, 0, 0, 0
995, 492, 0, 0, 0, 0
1003, 512, 0, 0, 0, 0
981, 493, 0, 0, 0, 0
992, 496, 0, 0, 0, 0
1185, 492, 0, 0, 0, 0
988, 499, 0, 0, 0, 0
984, 498, 0, 0, 0, 0
978, 492, 0, 0, 0, 0
988, 495, 0, 0, 0, 0
981, 500, 0, 0, 0, 0
989, 492, 0, 0, 0, 0
981, 492, 0, 0, 0, 0
977, 492, 0, 0, 0, 0
988, 498, 0, 0, 0, 0
971, 494, 0, 0, 0, 0
1265, 494, 0, 0, 0, 0
990, 491, 0, 0, 0, 0
976, 495, 0, 0, 0, 0
983, 498, 0, 0, 0, 0
983, 494, 0, 0, 0, 0
1181, 493, 0, 0, 0, 0
985, 497, 0, 0, 0, 0
985, 494, 0, 0, 0, 0
994, 491, 0, 0, 0, 0
989, 493, 0, 0, 0, 0
986, 498, 0, 0, 0, 0
976, 500, 0, 0, 0, 0
975, 492, 0, 0, 0, 0
986, 493, 0, 0, 0, 0
979, 490, 0, 0, 0, 0
982, 485, 0, 0, 0, 0
1261, 483, 0, 0, 0, 0
984, 647, 0, 0, 0, 0
959, 485, 0, 0, 0, 0
978, 482, 0, 0, 0, 0
982, 483, 0, 0, 0, 0
980, 484, 0, 0, 0, 0
1173, 481, 0, 0, 0, 0
987, 483, 0, 0, 0, 0
971, 517, 0, 0, 0, 0
940, 529, 0, 0, 0, 0
972, 485, 0, 0, 0, 0
980, 482, 0, 0, 0, 0
988, 484, 0, 0, 0, 0
1006, 587, 0, 0, 0, 0
977, 483, 0, 0, 0, 0
997, 495, 0, 0, 0, 0
1251, 485, 0, 0, 0, 0
985, 609, 0, 0, 0, 0
979, 482, 0, 0, 0, 0
986, 484, 0, 0, 0, 0
982, 486, 0, 0, 0, 0
982, 485, 0, 0, 0, 0
1250, 626, 0, 0, 0, 0
982, 483, 0, 0, 0, 0
983, 484, 0, 0, 0, 0
973, 524, 0, 0, 0, 0
981, 484, 0, 0, 0, 0
980, 485, 0, 0, 0, 0
979, 484, 0, 0, 0, 0
982, 521, 0, 0, 0, 0
980, 484, 0, 0, 0, 0
988, 483, 0, 0, 0, 0
979, 528, 0, 0, 0, 0
1272, 538, 0, 0, 0, 0
973, 483, 0, 0, 0, 0
986, 482, 0, 0, 0, 0
987, 482, 0, 0, 0, 0
1016, 574, 0, 0, 0, 0
990, 484, 0, 0, 0, 0
1181, 482, 0, 0, 0, 0
980, 480, 0, 0, 0, 0
977, 487, 0, 0, 0, 0
983, 486, 0, 0, 0, 0
979, 484, 0, 0, 0, 0
990, 484, 0, 0, 0, 0
972, 485, 0, 0, 0, 0
983, 480, 0, 0, 0, 0
983, 518, 0, 0, 0, 0
978, 481, 0, 0, 0, 0
1273, 490, 0, 0, 0, 0
971, 481, 0, 0, 0, 0
981, 486, 0, 0, 0, 0
980, 482, 0, 0, 0, 0
980, 489, 0, 0, 0, 0
985, 485, 0, 0, 0, 0
1178, 529, 0, 0, 0, 0
978, 484, 0, 0, 0, 0
980, 490, 0, 0, 0, 0
981, 484, 0, 0, 0, 0
984, 484, 0, 0, 0, 0
973, 481, 0, 0, 0, 0
976, 489, 0, 0, 0, 0
976, 487, 0, 0, 0, 0
983, 485, 0, 0, 0, 0
984, 484, 0, 0, 0, 0
1006, 486, 0, 0, 0, 0
1252, 485, 0, 0, 0, 0
986, 487, 0, 0, 0, 0
990, 483, 0, 0, 0, 0
982, 491, 0, 0, 0, 0
978, 485, 0, 0, 0, 0
988, 482, 0, 0, 0, 0
1186, 484, 0, 0, 0, 0
985, 486, 0, 0, 0, 0
979, 482, 0, 0, 0, 0
981, 482, 0, 0, 0, 0
983, 486, 0, 0, 0, 0
991, 489, 0, 0, 0, 0
986, 480, 0, 0, 0, 0
985, 483, 0, 0, 0, 0
980, 484, 0, 0, 0, 0
987, 488, 0, 0, 0, 0
1266, 489, 0, 0, 0, 0
1000, 484, 0, 0, 0, 0
986, 523, 0, 0, 0, 0
985, 486, 0, 0, 0, 0
987, 483, 0, 0, 0, 0
980, 484, 0, 0, 0, 0
1175, 853, 0, 0, 0, 0
990, 566, 0, 0, 0, 0
958, 524, 0, 0, 0, 0
939, 525, 0, 0, 0, 0
938, 627, 0, 0, 0, 0
943, 515, 0, 0, 0, 0
938, 519, 0, 0, 0, 0
942, 513, 0, 0, 0, 0
942, 510, 0, 0, 0, 0
951, 493, 0, 0, 0, 0
949, 490, 0, 0, 0, 0
1241, 494, 0, 0, 0, 0
995, 540, 0, 0, 0, 0
993, 490, 0, 0, 0, 0
978, 490, 0, 0, 0, 0
979, 492, 0, 0, 0, 0
986, 534, 0, 0, 0, 0
1179, 489, 0, 0, 0, 0
988, 486, 0, 0, 0, 0
982, 491, 0, 0, 0, 0
977, 532, 0, 0, 0, 0
986, 487, 0, 0, 0, 0
992, 489, 0, 0, 0, 0
973, 489, 0, 0, 0, 0
978, 491, 0, 0, 0, 0
976, 530, 0, 0, 0, 0
1000, 498, 0, 0, 0, 0
1232, 490, 0, 0, 0, 0
943, 527, 0, 0, 0, 0
942, 489, 0, 0, 0, 0
938, 488, 0, 0, 0, 0
951, 485, 0, 0, 0, 0
948, 492, 0, 0, 0, 0
1190, 488, 0, 0, 0, 0
990, 488, 0, 0, 0, 0
984, 490, 0, 0, 0, 0
985, 528, 0, 0, 0, 0
973, 488, 0, 0, 0, 0
983, 488, 0, 0, 0, 0
978, 487, 0, 0, 0, 0
976, 491, 0, 0, 0, 0
981, 489, 0, 0, 0, 0
979, 487, 0, 0, 0, 0
1005, 487, 0, 0, 0, 0
1254, 526, 0, 0, 0, 0
1122, 489, 0, 0, 0, 0
979, 487, 0, 0, 0, 0
982, 488, 0, 0, 0, 0
982, 489, 0, 0, 0, 0
990, 488, 0, 0, 0, 0
1185, 487, 0, 0, 0, 0
986, 486, 0, 0, 0, 0
981, 496, 0, 0, 0, 0
986, 488, 0, 0, 0, 0
977, 487, 0, 0, 0, 0
980, 488, 0, 0, 0, 0
978, 491, 0, 0, 0, 0
983, 488, 0, 0, 0, 0
985, 487, 0, 0, 0, 0
983, 488, 0, 0, 0, 0
1128, 524, 0, 0, 0, 0
1158, 489, 0, 0, 0, 0
987, 489, 0, 0, 0, 0
981, 489, 0, 0, 0, 0
972, 499, 0, 0, 0, 0
982, 488, 0, 0, 0, 0
1187, 487, 0, 0, 0, 0
998, 486, 0, 0, 0, 0
992, 494, 0, 0, 0, 0
982, 487, 0, 0, 0, 0
978, 489, 0, 0, 0, 0
989, 487, 0, 0, 0, 0
983, 494, 0, 0, 0, 0
992, 486, 0, 0, 0, 0
987, 488, 0, 0, 0, 0
991, 488, 0, 0, 0, 0
983, 497, 0, 0, 0, 0
1289, 492, 0, 0, 0, 0
987, 488, 0, 0, 0, 0
986, 488, 0, 0, 0, 0
979, 498, 0, 0, 0, 0
981, 497, 0, 0, 0, 0
983, 495, 0, 0, 0, 0
1186, 498, 0, 0, 0, 0
981, 502, 0, 0, 0, 0
984, 498, 0, 0, 0, 0
981, 496, 0, 0, 0, 0
979, 494, 0, 0, 0, 0
982, 492, 0, 0, 0, 0
980, 492, 0, 0, 0, 0
984, 493, 0, 0, 0, 0
988, 491, 0, 0, 0, 0
979, 502, 0, 0, 0, 0
978, 489, 0, 0, 0, 0
1233, 492, 0, 0, 0, 0
978, 564, 0, 0, 0, 0
979, 491, 0, 0, 0, 0
985, 492, 0, 0, 0, 0
975, 491, 0, 0, 0, 0
1183, 572, 0, 0, 0, 0
981, 492, 0, 0, 0, 0
973, 497, 0, 0, 0, 0
984, 496, 0, 0, 0, 0
984, 499, 0, 0, 0, 0
985, 493, 0, 0, 0, 0
983, 493, 0, 0, 0, 0
985, 497, 0, 0, 0, 0
986, 558, 0, 0, 0, 0
983, 493, 0, 0, 0, 0
970, 490, 0, 0, 0, 0
1258, 491, 0, 0, 0, 0
989, 586, 0, 0, 0, 0
954, 491, 0, 0, 0, 0
976, 491, 0, 0, 0, 0
977, 491, 0, 0, 0, 0
989, 532, 0, 0, 0, 0
1183, 492, 0, 0, 0, 0
988, 493, 0, 0, 0, 0
991, 493, 0, 0, 0, 0
979, 554, 0, 0, 0, 0
983, 494, 0, 0, 0, 0
983, 494, 0, 0, 0, 0
991, 496, 0, 0, 0, 0
988, 495, 0, 0, 0, 0
982, 498, 0, 0, 0, 0
992, 505, 0, 0, 0, 0
1281, 496, 0, 0, 0, 0
1061, 545, 0, 0, 0, 0
988, 497, 0, 0, 0, 0
982, 490, 0, 0, 0, 0
994, 491, 0, 0, 0, 0
980, 497, 0, 0, 0, 0
1170, 497, 0, 0, 0, 0
988, 492, 0, 0, 0, 0
1038, 585, 0, 0, 0, 0
991, 505, 0, 0, 0, 0
980, 496, 0, 0, 0, 0
978, 496, 0, 0, 0, 0
983, 497, 0, 0, 0, 0
975, 503, 0, 0, 0, 0
981, 496, 0, 0, 0, 0
984, 489, 0, 0, 0, 0
1129, 493, 0, 0, 0, 0
1159, 537, 0, 0, 0, 0
979, 496, 0, 0, 0, 0
981, 498, 0, 0, 0, 0
983, 489, 0, 0, 0, 0
977, 497, 0, 0, 0, 0
1186, 495, 0, 0, 0, 0
988, 493, 0, 0, 0, 0
978, 495, 0, 0, 0, 0
983, 487, 0, 0, 0, 0
986, 486, 0, 0, 0, 0
977, 486, 0, 0, 0, 0
978, 486, 0, 0, 0, 0
978, 494, 0, 0, 0, 0
981, 486, 0, 0, 0, 0
973, 486, 0, 0, 0, 0
993, 489, 0, 0, 0, 0
1257, 494, 0, 0, 0, 0
984, 487, 0, 0, 0, 0
985, 487, 0, 0, 0, 0
980, 492, 0, 0, 0, 0
989, 489, 0, 0, 0, 0
986, 486, 0, 0, 0, 0
1185, 489, 0, 0, 0, 0
990, 528, 0, 0, 0, 0
989, 488, 0, 0, 0, 0
990, 486, 0, 0, 0, 0
983, 488, 0, 0, 0, 0
988, 530, 0, 0, 0, 0
985, 489, 0, 0, 0, 0
973, 488, 0, 0, 0, 0
980, 487, 0, 0, 0, 0
979, 501, 0, 0, 0, 0
983, 492, 0, 0, 0, 0
1264, 493, 0, 0, 0, 0
980, 488, 0, 0, 0, 0
976, 539, 0, 0, 0, 0
975, 489, 0, 0, 0, 0
980, 488, 0, 0, 0, 0
1189, 487, 0, 0, 0, 0
1062, 572, 0, 0, 0, 0
983, 490, 0, 0, 0, 0
984, 493, 0, 0, 0, 0
976, 493, 0, 0, 0, 0
1030, 580, 0, 0, 0, 0
977, 487, 0, 0, 0, 0
980, 489, 0, 0, 0, 0
980, 491, 0, 0, 0, 0
1018, 598, 0, 0, 0, 0
1126, 488, 0, 0, 0, 0
1162, 494, 0, 0, 0, 0
990, 491, 0, 0, 0, 0
981, 498, 0, 0, 0, 0
984, 493, 0, 0, 0, 0
975, 489, 0, 0, 0, 0
995, 490, 0, 0, 0, 0
1180, 494, 0, 0, 0, 0
991, 492, 0, 0, 0, 0
988, 493, 0, 0, 0, 0
982, 491, 0, 0, 0, 0
978, 500, 0, 0, 0, 0
985, 490, 0, 0, 0, 0
979, 490, 0, 0, 0, 0
977, 491, 0, 0, 0, 0
977, 497, 0, 0, 0, 0
996, 496, 0, 0, 0, 0
1254, 498, 0, 0, 0, 0
985, 491, 0, 0, 0, 0
984, 499, 0, 0, 0, 0
987, 488, 0, 0, 0, 0
974, 491, 0, 0, 0, 0
982, 490, 0, 0, 0, 0
1177, 498, 0, 0, 0, 0
983, 489, 0, 0, 0, 0
977, 493, 0, 0, 0, 0
983, 496, 0, 0, 0, 0
985, 496, 0, 0, 0, 0
977, 491, 0, 0, 0, 0
974, 493, 0, 0, 0, 0
973, 491, 0, 0, 0, 0
984, 499, 0, 0, 0, 0
986, 501, 0, 0, 0, 0
1001, 493, 0, 0, 0, 0
1262, 492, 0, 0, 0, 0
984, 499, 0, 0, 0, 0
988, 492, 0, 0, 0, 0
982, 490, 0, 0, 0, 0
979, 495, 0, 0, 0, 0
980, 492, 0, 0, 0, 0
1181, 490, 0, 0, 0, 0
993, 493, 0, 0, 0, 0
978, 550, 0, 0, 0, 0
979, 492, 0, 0, 0, 0
980, 492, 0, 0, 0, 0
985, 490, 0, 0, 0, 0
979, 496, 0, 0, 0, 0
983, 493, 0, 0, 0, 0
984, 493, 0, 0, 0, 0
995, 493, 0, 0, 0, 0
1265, 574, 0, 0, 0, 0
989, 493, 0, 0, 0, 0
969, 490, 0, 0, 0, 0
986, 496, 0, 0, 0, 0
986, 498, 0, 0, 0, 0
989, 493, 0, 0, 0, 0
1185, 492, 0, 0, 0, 0
992, 493, 0, 0, 0, 0
1024, 541, 0, 0, 0, 0
983, 494, 0, 0, 0, 0
978, 493, 0, 0, 0, 0
980, 494, 0, 0, 0, 0
985, 492, 0, 0, 0, 0
987, 490, 0, 0, 0, 0
980, 494, 0, 0, 0, 0
983, 493, 0, 0, 0, 0
968, 493, 0, 0, 0, 0
1275, 493, 0, 0, 0, 0
987, 492, 0, 0, 0, 0
984, 494, 0, 0, 0, 0
981, 500, 0, 0, 0, 0
978, 493, 0, 0, 0, 0
1187, 494, 0, 0, 0, 0
998, 493, 0, 0, 0, 0
979, 497, 0, 0, 0, 0
1001, 495, 0, 0, 0, 0
990, 506, 0, 0, 0, 0
990, 492, 0, 0, 0, 0
973, 499, 0, 0, 0, 0
989, 493, 0, 0, 0, 0
981, 492, 0, 0, 0, 0
981, 491, 0, 0, 0, 0
990, 500, 0, 0, 0, 0
1264, 491, 0, 0, 0, 0
988, 494, 0, 0, 0, 0
977, 491, 0, 0, 0, 0
982, 501, 0, 0, 0, 0
982, 490, 0, 0, 0, 0
982, 492, 0, 0, 0, 0
1178, 493, 0, 0, 0, 0
986, 499, 0, 0, 0, 0
972, 493, 0, 0, 0, 0
984, 489, 0, 0, 0, 0
979, 491, 0, 0, 0, 0
982, 502, 0, 0, 0, 0
983, 499, 0, 0, 0, 0
977, 493, 0, 0, 0, 0
971, 493, 0, 0, 0, 0
955, 499, 0, 0, 0, 0
1014, 493, 0, 0, 0, 0
1268, 499, 0, 0, 0, 0
986, 500, 0, 0, 0, 0
983, 496, 0, 0, 0, 0
973, 492, 0, 0, 0, 0
977, 490, 0, 0, 0, 0
1195, 562, 0, 0, 0, 0
981, 491, 0, 0, 0, 0
991, 497, 0, 0, 0, 0
983, 493, 0, 0, 0, 0
987, 579, 0, 0, 0, 0
991, 492, 0, 0, 0, 0
976, 492, 0, 0, 0, 0
977, 493, 0, 0, 0, 0
981, 562, 0, 0, 0, 0
980, 484, 0, 0, 0, 0
980, 482, 0, 0, 0, 0
1249, 549, 0, 0, 0, 0
993, 592, 0, 0, 0, 0
977, 482, 0, 0, 0, 0
987, 482, 0, 0, 0, 0
977, 483, 0, 0, 0, 0
995, 487, 0, 0, 0, 0
1182, 488, 0, 0, 0, 0
993, 487, 0, 0, 0, 0
982, 485, 0, 0, 0, 0
977, 546, 0, 0, 0, 0
979, 487, 0, 0, 0, 0
989, 488, 0, 0, 0, 0
985, 482, 0, 0, 0, 0
981, 541, 0, 0, 0, 0
987, 482, 0, 0, 0, 0
977, 492, 0, 0, 0, 0
994, 490, 0, 0, 0, 0
1252, 538, 0, 0, 0, 0
990, 486, 0, 0, 0, 0
1010, 512, 0, 0, 0, 0
977, 481, 0, 0, 0, 0
1008, 526, 0, 0, 0, 0
1186, 482, 0, 0, 0, 0
986, 484, 0, 0, 0, 0
979, 484, 0, 0, 0, 0
986, 492, 0, 0, 0, 0
992, 482, 0, 0, 0, 0
988, 482, 0, 0, 0, 0
986, 484, 0, 0, 0, 0
979, 490, 0, 0, 0, 0
985, 571, 0, 0, 0, 0
985, 483, 0, 0, 0, 0
1124, 577, 0, 0, 0, 0
1155, 489, 0, 0, 0, 0
994, 484, 0, 0, 0, 0
983, 484, 0, 0, 0, 0
982, 484, 0, 0, 0, 0
988, 488, 0, 0, 0, 0
991, 488, 0, 0, 0, 0
1177, 481, 0, 0, 0, 0
988, 484, 0, 0, 0, 0
987, 489, 0, 0, 0, 0
984, 485, 0, 0, 0, 0
973, 483, 0, 0, 0, 0
986, 482, 0, 0, 0, 0
985, 489, 0, 0, 0, 0
979, 484, 0, 0, 0, 0
944, 483, 0, 0, 0, 0
1013, 483, 0, 0, 0, 0
1261, 517, 0, 0, 0, 0
990, 484, 0, 0, 0, 0
983, 485, 0, 0, 0, 0
984, 537, 0, 0, 0, 0
1028, 513, 0, 0, 0, 0
988, 483, 0, 0, 0, 0
1194, 485, 0, 0, 0, 0
989, 519, 0, 0, 0, 0
975, 487, 0, 0, 0, 0
978, 484, 0, 0, 0, 0
981, 485, 0, 0, 0, 0
981, 488, 0, 0, 0, 0
987, 482, 0, 0, 0, 0
980, 484, 0, 0, 0, 0
982, 484, 0, 0, 0, 0
981, 520, 0, 0, 0, 0
979, 517, 0, 0, 0, 0
1263, 483, 0, 0, 0, 0
987, 484, 0, 0, 0, 0
983, 521, 0, 0, 0, 0
976, 484, 0, 0, 0, 0
972, 485, 0, 0, 0, 0
1193, 483, 0, 0, 0, 0
1053, 538, 0, 0, 0, 0
977, 484, 0, 0, 0, 0
984, 483, 0, 0, 0, 0
1015, 486, 0, 0, 0, 0
1032, 593, 0, 0, 0, 0
983, 484, 0, 0, 0, 0
982, 484, 0, 0, 0, 0
972, 482, 0, 0, 0, 0
1025, 543, 0, 0, 0, 0
1126, 483, 0, 0, 0, 0
1159, 483, 0, 0, 0, 0
989, 484, 0, 0, 0, 0
976, 490, 0, 0, 0, 0
976, 484, 0, 0, 0, 0
987, 489, 0, 0, 0, 0
982, 484, 0, 0, 0, 0
1178, 490, 0, 0, 0, 0
987, 490, 0, 0, 0, 0
983, 485, 0, 0, 0, 0
980, 485, 0, 0, 0, 0
987, 489, 0, 0, 0, 0
981, 482, 0, 0, 0, 0
980, 486, 0, 0, 0, 0
977, 486, 0, 0, 0, 0
984, 486, 0, 0, 0, 0
980, 484, 0, 0, 0, 0
1002, 484, 0, 0, 0, 0
1277, 538, 0, 0, 0, 0
981, 489, 0, 0, 0, 0
977, 485, 0, 0, 0, 0
979, 483, 0, 0, 0, 0
975, 486, 0, 0, 0, 0
1180, 490, 0, 0, 0, 0
983, 484, 0, 0, 0, 0
979, 484, 0, 0, 0, 0
986, 519, 0, 0, 0, 0
973, 486, 0, 0, 0, 0
985, 485, 0, 0, 0, 0
991, 485, 0, 0, 0, 0
978, 485, 0, 0, 0, 0
985, 484, 0, 0, 0, 0
987, 490, 0, 0, 0, 0
1022, 518, 0, 0, 0, 0
1267, 571, 0, 0, 0, 0
985, 484, 0, 0, 0, 0
982, 487, 0, 0, 0, 0
982, 482, 0, 0, 0, 0
992, 487, 0, 0, 0, 0
990, 485, 0, 0, 0, 0
1186, 485, 0, 0, 0, 0
989, 483, 0, 0, 0, 0
986, 526, 0, 0, 0, 0
983, 484, 0, 0, 0, 0
1029, 484, 0, 0, 0, 0
979, 547, 0, 0, 0, 0
977, 520, 0, 0, 0, 0
990, 492, 0, 0, 0, 0
984, 488, 0, 0, 0, 0
1142, 485, 0, 0, 0, 0
1181, 522, 0, 0, 0, 0
994, 486, 0, 0, 0, 0
981, 486, 0, 0, 0, 0
977, 485, 0, 0, 0, 0
982, 490, 0, 0, 0, 0
991, 485, 0, 0, 0, 0
1183, 484, 0, 0, 0, 0
991, 486, 0, 0, 0, 0
986, 491, 0, 0, 0, 0
985, 482, 0, 0, 0, 0
982, 482, 0, 0, 0, 0
982, 485, 0, 0, 0, 0
974, 486, 0, 0, 0, 0
986, 488, 0, 0, 0, 0
935, 486, 0, 0, 0, 0
1007, 484, 0, 0, 0, 0
970, 492, 0, 0, 0, 0
1259, 482, 0, 0, 0, 0
992, 482, 0, 0, 0, 0
976, 485, 0, 0, 0, 0
970, 488, 0, 0, 0, 0
982, 485, 0, 0, 0, 0
1148, 484, 0, 0, 0, 0
988, 486, 0, 0, 0, 0
980, 491, 0, 0, 0, 0
990, 490, 0, 0, 0, 0
979, 486, 0, 0, 0, 0
977, 486, 0, 0, 0, 0
1004, 607, 0, 0, 0, 0
984, 484, 0, 0, 0, 0
983, 482, 0, 0, 0, 0
977, 487, 0, 0, 0, 0
1008, 490, 0, 0, 0, 0
1261, 515, 0, 0, 0, 0
989, 485, 0, 0, 0, 0
977, 487, 0, 0, 0, 0
977, 485, 0, 0, 0, 0
975, 484, 0, 0, 0, 0
983, 482, 0, 0, 0, 0
1224, 516, 0, 0, 0, 0
984, 489, 0, 0, 0, 0
977, 488, 0, 0, 0, 0
974, 484, 0, 0, 0, 0
986, 520, 0, 0, 0, 0
984, 485, 0, 0, 0, 0
977, 487, 0, 0, 0, 0
984, 488, 0, 0, 0, 0
994, 528, 0, 0, 0, 0
971, 503, 0, 0, 0, 0
1004, 489, 0, 0, 0, 0
1262, 485, 0, 0, 0, 0
993, 531, 0, 0, 0, 0
986, 490, 0, 0, 0, 0
988, 518, 0, 0, 0, 0
979, 489, 0, 0, 0, 0
1156, 517, 0, 0, 0, 0
984, 484, 0, 0, 0, 0
978, 484, 0, 0, 0, 0
1004, 550, 0, 0, 0, 0
988, 537, 0, 0, 0, 0
990, 483, 0, 0, 0, 0
981, 527, 0, 0, 0, 0
989, 484, 0, 0, 0, 0
989, 487, 0, 0, 0, 0
988, 484, 0, 0, 0, 0
980, 487, 0, 0, 0, 0
1310, 483, 0, 0, 0, 0
996, 508, 0, 0, 0, 0
994, 516, 0, 0, 0, 0
984, 485, 0, 0, 0, 0
1005, 484, 0, 0, 0, 0
994, 493, 0, 0, 0, 0
1171, 484, 0, 0, 0, 0
1006, 489, 0, 0, 0, 0
983, 481, 0, 0, 0, 0
984, 490, 0, 0, 0, 0
985, 487, 0, 0, 0, 0
972, 484, 0, 0, 0, 0
962, 601, 0, 0, 0, 0
983, 494, 0, 0, 0, 0
993, 489, 0, 0, 0, 0
1024, 495, 0, 0, 0, 0
1250, 488, 0, 0, 0, 0
1000, 495, 0, 0, 0, 0
994, 487, 0, 0, 0, 0
983, 487, 0, 0, 0, 0
985, 483, 0, 0, 0, 0
983, 491, 0, 0, 0, 0
1187, 524, 0, 0, 0, 0
989, 483, 0, 0, 0, 0
988, 486, 0, 0, 0, 0
976, 482, 0, 0, 0, 0
983, 485, 0, 0, 0, 0
976, 513, 0, 0, 0, 0
971, 484, 0, 0, 0, 0
986, 518, 0, 0, 0, 0
992, 512, 0, 0, 0, 0
984, 513, 0, 0, 0, 0
1037, 615, 0, 0, 0, 0
1250, 491, 0, 0, 0, 0
980, 481, 0, 0, 0, 0
976, 483, 0, 0, 0, 0
976, 518, 0, 0, 0, 0
980, 517, 0, 0, 0, 0
999, 489, 0, 0, 0, 0
1185, 489, 0, 0, 0, 0
994, 522, 0, 0, 0, 0
983, 482, 0, 0, 0, 0
989, 481, 0, 0, 0, 0
984, 484, 0, 0, 0, 0
980, 485, 0, 0, 0, 0
984, 483, 0, 0, 0, 0
977, 483, 0, 0, 0, 0
945, 483, 0, 0, 0, 0
978, 534, 0, 0, 0, 0
1259, 483, 0, 0, 0, 0
993, 488, 0, 0, 0, 0
980, 485, 0, 0, 0, 0
975, 562, 0, 0, 0, 0
980, 484, 0, 0, 0, 0
989, 488, 0, 0, 0, 0
1182, 484, 0, 0, 0, 0
1005, 520, 0, 0, 0, 0
976, 520, 0, 0, 0, 0
982, 488, 0, 0, 0, 0
978, 517, 0, 0, 0, 0
980, 560, 0, 0, 0, 0
993, 485, 0, 0, 0, 0
1047, 572, 0, 0, 0, 0
980, 485, 0, 0, 0, 0
983, 522, 0, 0, 0, 0
1276, 484, 0, 0, 0, 0
989, 484, 0, 0, 0, 0
976, 520, 0, 0, 0, 0
974, 496, 0, 0, 0, 0
979, 488, 0, 0, 0, 0
982, 483, 0, 0, 0, 0
1182, 484, 0, 0, 0, 0
982, 524, 0, 0, 0, 0
973, 491, 0, 0, 0, 0
977, 488, 0, 0, 0, 0
986, 488, 0, 0, 0, 0
980, 489, 0, 0, 0, 0
1004, 513, 0, 0, 0, 0
974, 484, 0, 0, 0, 0
975, 485, 0, 0, 0, 0
978, 488, 0, 0, 0, 0
980, 517, 0, 0, 0, 0
1280, 483, 0, 0, 0, 0
993, 483, 0, 0, 0, 0
980, 489, 0, 0, 0, 0
977, 485, 0, 0, 0, 0
985, 486, 0, 0, 0, 0
990, 518, 0, 0, 0, 0
1177, 495, 0, 0, 0, 0
984, 483, 0, 0, 0, 0
980, 484, 0, 0, 0, 0
981, 488, 0, 0, 0, 0
981, 519, 0, 0, 0, 0
984, 487, 0, 0, 0, 0
984, 485, 0, 0, 0, 0
985, 553, 0, 0, 0, 0
988, 512, 0, 0, 0, 0
1000, 491, 0, 0, 0, 0
1235, 493, 0, 0, 0, 0
947, 531, 0, 0, 0, 0
978, 497, 0, 0, 0, 0
985, 494, 0, 0, 0, 0
975, 493, 0, 0, 0, 0
987, 494, 0, 0, 0, 0
1187, 499, 0, 0, 0, 0
979, 492, 0, 0, 0, 0
985, 492, 0, 0, 0, 0
978, 495, 0, 0, 0, 0
985, 492, 0, 0, 0, 0
978, 494, 0, 0, 0, 0
982, 494, 0, 0, 0, 0
985, 497, 0, 0, 0, 0
982, 491, 0, 0, 0, 0
974, 498, 0, 0, 0, 0
1139, 494, 0, 0, 0, 0
1154, 529, 0, 0, 0, 0
972, 490, 0, 0, 0, 0
990, 493, 0, 0, 0, 0
984, 493, 0, 0, 0, 0
983, 492, 0, 0, 0, 0
988, 492, 0, 0, 0, 0
1187, 493, 0, 0, 0, 0
981, 493, 0, 0, 0, 0
973, 497, 0, 0, 0, 0
990, 493, 0, 0, 0, 0
979, 498, 0, 0, 0, 0
976, 499, 0, 0, 0, 0
984, 502, 0, 0, 0, 0
981, 497, 0, 0, 0, 0
987, 496, 0, 0, 0, 0
972, 495, 0, 0, 0, 0
989, 597, 0, 0, 0, 0
1265, 497, 0, 0, 0, 0
988, 498, 0, 0, 0, 0
975, 495, 0, 0, 0, 0
971, 500, 0, 0, 0, 0
982, 497, 0, 0, 0, 0
1185, 496, 0, 0, 0, 0
985, 496, 0, 0, 0, 0
981, 499, 0, 0, 0, 0
980, 496, 0, 0, 0, 0
985, 492, 0, 0, 0, 0
979, 490, 0, 0, 0, 0
1018, 531, 0, 0, 0, 0
978, 490, 0, 0, 0, 0
983, 493, 0, 0, 0, 0
979, 493, 0, 0, 0, 0
981, 495, 0, 0, 0, 0
1265, 494, 0, 0, 0, 0
984, 493, 0, 0, 0, 0
988, 494, 0, 0, 0, 0
980, 497, 0, 0, 0, 0
981, 492, 0, 0, 0, 0
983, 493, 0, 0, 0, 0
1170, 494, 0, 0, 0, 0
983, 500, 0, 0, 0, 0
977, 491, 0, 0, 0, 0
971, 492, 0, 0, 0, 0
978, 494, 0, 0, 0, 0
979, 504, 0, 0, 0, 0
991, 506, 0, 0, 0, 0
980, 493, 0, 0, 0, 0
976, 493, 0, 0, 0, 0
995, 498, 0, 0, 0, 0
1261, 495, 0, 0, 0, 0
937, 493, 0, 0, 0, 0
941, 494, 0, 0, 0, 0
941, 499, 0, 0, 0, 0
946, 490, 0, 0, 0, 0
938, 495, 0, 0, 0, 0
1113, 493, 0, 0, 0, 0
979, 498, 0, 0, 0, 0
983, 499, 0, 0, 0, 0
986, 491, 0, 0, 0, 0
985, 492, 0, 0, 0, 0
979, 497, 0, 0, 0, 0
990, 496, 0, 0, 0, 0
978, 494, 0, 0, 0, 0
980, 494, 0, 0, 0, 0
985, 499, 0, 0, 0, 0
985, 494, 0, 0, 0, 0
1246, 495, 0, 0, 0, 0
944, 493, 0, 0, 0, 0
987, 498, 0, 0, 0, 0
987, 492, 0, 0, 0, 0
975, 493, 0, 0, 0, 0
980, 492, 0, 0, 0, 0
1185, 500, 0, 0, 0, 0
976, 496, 0, 0, 0, 0
975, 500, 0, 0, 0, 0
978, 495, 0, 0, 0, 0
982, 500, 0, 0, 0, 0
989, 494, 0, 0, 0, 0
972, 493, 0, 0, 0, 0
985, 491, 0, 0, 0, 0
1011, 714, 0, 0, 0, 0
974, 479, 0, 0, 0, 0
996, 480, 0, 0, 0, 0
1277, 519, 0, 0, 0, 0
958, 591, 0, 0, 0, 0
950, 481, 0, 0, 0, 0
942, 479, 0, 0, 0, 0
978, 515, 0, 0, 0, 0
974, 502, 0, 0, 0, 0
1177, 480, 0, 0, 0, 0
991, 479, 0, 0, 0, 0
982, 483, 0, 0, 0, 0
981, 486, 0, 0, 0, 0
984, 516, 0, 0, 0, 0
978, 485, 0, 0, 0, 0
969, 516, 0, 0, 0, 0
976, 620, 0, 0, 0, 0
982, 488, 0, 0, 0, 0
1006, 479, 0, 0, 0, 0
1259, 480, 0, 0, 0, 0
974, 485, 0, 0, 0, 0
982, 480, 0, 0, 0, 0
988, 481, 0, 0, 0, 0
976, 540, 0, 0, 0, 0
975, 480, 0, 0, 0, 0
1188, 483, 0, 0, 0, 0
989, 481, 0, 0, 0, 0
982, 540, 0, 0, 0, 0
982, 481, 0, 0, 0, 0
986, 480, 0, 0, 0, 0
976, 480, 0, 0, 0, 0
978, 543, 0, 0, 0, 0
974, 480, 0, 0, 0, 0
987, 481, 0, 0, 0, 0
974, 479, 0, 0, 0, 0
1003, 536, 0, 0, 0, 0
1263, 480, 0, 0, 0, 0
990, 481, 0, 0, 0, 0
986, 479, 0, 0, 0, 0
971, 565, 0, 0, 0, 0
981, 479, 0, 0, 0, 0
1009, 481, 0, 0, 0, 0
1181, 481, 0, 0, 0, 0
994, 580, 0, 0, 0, 0
976, 480, 0, 0, 0, 0
982, 480, 0, 0, 0, 0
985, 480, 0, 0, 0, 0
985, 518, 0, 0, 0, 0
984, 480, 0, 0, 0, 0
985, 482, 0, 0, 0, 0
936, 480, 0, 0, 0, 0
992, 485, 0, 0, 0, 0
1259, 479, 0, 0, 0, 0
991, 479, 0, 0, 0, 0
983, 480, 0, 0, 0, 0
1024, 538, 0, 0, 0, 0
993, 480, 0, 0, 0, 0
994, 481, 0, 0, 0, 0
1176, 481, 0, 0, 0, 0
982, 486, 0, 0, 0, 0
981, 487, 0, 0, 0, 0
986, 480, 0, 0, 0, 0
981, 552, 0, 0, 0, 0
981, 488, 0, 0, 0, 0
974, 483, 0, 0, 0, 0
978, 556, 0, 0, 0, 0
996, 484, 0, 0, 0, 0
987, 595, 0, 0, 0, 0
1279, 484, 0, 0, 0, 0
984, 489, 0, 0, 0, 0
987, 487, 0, 0, 0, 0
982, 493, 0, 0, 0, 0
972, 486, 0, 0, 0, 0
987, 486, 0, 0, 0, 0
1184, 489, 0, 0, 0, 0
979, 490, 0, 0, 0, 0
990, 489, 0, 0, 0, 0
988, 485, 0, 0, 0, 0
979, 487, 0, 0, 0, 0
971, 492, 0, 0, 0, 0
969, 490, 0, 0, 0, 0
982, 488, 0, 0, 0, 0
980, 486, 0, 0, 0, 0
983, 522, 0, 0, 0, 0
995, 486, 0, 0, 0, 0
1254, 489, 0, 0, 0, 0
948, 536, 0, 0, 0, 0
947, 483, 0, 0, 0, 0
945, 484, 0, 0, 0, 0
940, 482, 0, 0, 0, 0
942, 482, 0, 0, 0, 0
1185, 489, 0, 0, 0, 0
993, 484, 0, 0, 0, 0
978, 482, 0, 0, 0, 0
983, 482, 0, 0, 0, 0
985, 487, 0, 0, 0, 0
986, 514, 0, 0, 0, 0
982, 482, 0, 0, 0, 0
976, 486, 0, 0, 0, 0
999, 510, 0, 0, 0, 0
977, 492, 0, 0, 0, 0
1002, 493, 0, 0, 0, 0
1258, 492, 0, 0, 0, 0
988, 495, 0, 0, 0, 0
977, 491, 0, 0, 0, 0
982, 489, 0, 0, 0, 0
987, 493, 0, 0, 0, 0
1194, 496, 0, 0, 0, 0
987, 498, 0, 0, 0, 0
985, 489, 0, 0, 0, 0
979, 497, 0, 0, 0, 0
989, 490, 0, 0, 0, 0
987, 490, 0, 0, 0, 0
976, 490, 0, 0, 0, 0
985, 494, 0, 0, 0, 0
971, 492, 0, 0, 0, 0
987, 497, 0, 0, 0, 0
977, 494, 0, 0, 0, 0
1263, 533, 0, 0, 0, 0
986, 492, 0, 0, 0, 0
974, 491, 0, 0, 0, 0
979, 492, 0, 0, 0, 0
992, 499, 0, 0, 0, 0
990, 500, 0, 0, 0, 0
1145, 492, 0, 0, 0, 0
944, 490, 0, 0, 0, 0
986, 495, 0, 0, 0, 0
977, 490, 0, 0, 0, 0
983, 491, 0, 0, 0, 0
980, 492, 0, 0, 0, 0
974, 493, 0, 0, 0, 0
982, 491, 0, 0, 0, 0
982, 491, 0, 0, 0, 0
981, 494, 0, 0, 0, 0
1251, 598, 0, 0, 0, 0
1168, 490, 0, 0, 0, 0
989, 490, 0, 0, 0, 0
1014, 490, 0, 0, 0, 0
949, 498, 0, 0, 0, 0
971, 499, 0, 0, 0, 0
1189, 491, 0, 0, 0, 0
991, 489, 0, 0, 0, 0
979, 498, 0, 0, 0, 0
986, 487, 0, 0, 0, 0
984, 490, 0, 0, 0, 0
981, 496, 0, 0, 0, 0
1011, 540, 0, 0, 0, 0
987, 490, 0, 0, 0, 0
946, 490, 0, 0, 0, 0
1071, 636, 0, 0, 0, 0
962, 520, 0, 0, 0, 0
